code,start,end,rain_gauge_mm,rain_idw_mm,VWC_005_before,VWC_005_delta_next,VWC_005_peak3_delta,VWC_020_before,VWC_020_delta_next,VWC_020_peak3_delta,VWC_050_before,VWC_050_delta_next,VWC_050_peak3_delta,idw_hg_one_total_before_pct,idw_hg_one_total_delta_next_pp,idw_hg_one_total_peak3_delta_pp,idw_hg_surface_lower_before_pct,idw_hg_surface_lower_delta_next_pp,idw_hg_surface_lower_peak3_delta_pp,idw_pm_one_total_before_pct,idw_pm_one_total_delta_next_pp,idw_pm_one_total_peak3_delta_pp,idw_pm_surface_lower_before_pct,idw_pm_surface_lower_delta_next_pp,idw_pm_surface_lower_peak3_delta_pp,gauge_hg_one_total_before_pct,gauge_hg_one_total_delta_next_pp,gauge_hg_one_total_peak3_delta_pp,gauge_hg_surface_lower_before_pct,gauge_hg_surface_lower_delta_next_pp,gauge_hg_surface_lower_peak3_delta_pp,gauge_pm_one_total_before_pct,gauge_pm_one_total_delta_next_pp,gauge_pm_one_total_peak3_delta_pp,gauge_pm_surface_lower_before_pct,gauge_pm_surface_lower_delta_next_pp,gauge_pm_surface_lower_peak3_delta_pp
RDS,2026-08-09,2026-08-09,1.5,0.7326534800048156,0.05952083333333333,-0.0002708333333333243,0.0004583333333333453,0.1525,-0.002104166666666657,-0.0018958333333333188,0.18799999999999997,-0.0005625000000000213,-0.00027083333333333126,1.7664023648036609,0.4738205652791141,0.4738205652791141,2.8053922705261546e-07,-7.01665920212781e-08,-7.01665920212781e-08,1.911061184989364,0.5614877769475015,0.5614877769475015,8.846234471569422e-07,-1.9522761090770914e-07,-1.9522761090770914e-07,0.477965959188272,2.048697961024475,2.048697961024475,2.8053922705261546e-07,-7.01665920212781e-08,-7.01665920212781e-08,0.5239742550099417,2.184498685821671,2.184498685821671,8.846234471569422e-07,-1.9522761090770914e-07,-1.9522761090770914e-07
RDS,2026-08-20,2026-08-20,2.5,1.1037229540850213,0.05841666666666667,-0.003229166666666672,-0.00010416666666666213,0.1484375,-0.0028958333333333475,-0.0028958333333333475,0.18731250000000002,-2.7755575615628914e-17,-2.7755575615628914e-17,5.322050087003984,2.0644393402255288,2.0644393402255288,6.705125276454145e-08,-1.0324305811125277e-08,-1.0324305811125277e-08,5.987512258871787,1.9200813765650455,1.9200813765650455,2.5441579621412455e-07,-3.893186249025819e-08,-3.893186249025819e-08,0.45464660606898455,4.528180240497517,4.528180240497517,6.705125276454145e-08,-1.0324305811125277e-08,-1.0324305811125277e-08,0.6072081968178377,4.501366572838284,4.501366572838284,2.5441579621412455e-07,-3.893186249025819e-08,-3.893186249025819e-08
RDS,2026-08-24,2026-08-24,2.1,0.965404941198916,0.05831250000000001,-0.0010625000000000079,0.0014374999999999943,0.1440625,-0.002166666666666678,-0.0011250000000000149,0.18479166666666666,-0.0006041666666666834,-0.0006041666666666834,5.703504850509436,0.44747887665084196,0.44747887665084196,4.774470711815301e-08,-7.336791800028976e-09,-7.336791800028976e-09,6.282133356886803,0.4460539618835062,0.4460539618835062,1.848375062475013e-07,-2.640842979698328e-08,-2.640842979698328e-08,3.8475079899085634,2.8683948451685852,2.8683948451685852,4.774470711815301e-08,-7.336791800028976e-09,-7.336791800028976e-09,4.058472077116815,2.953720107544661,2.953720107544661,1.848375062475013e-07,-2.640842979698328e-08,-2.640842979698328e-08
CDLP,2026-08-06,2026-08-10,10.799999999999999,11.702833183682804,,,,0.11442452083333333,-0.00044424999999999326,-6.752083333333436e-05,0.0782140625,-0.0010256708333333392,-0.0010256708333333392,6.291874464791068,5.598855730056549,5.598855730056549,0.00016151380988412895,-8.455477007909975e-05,-8.455477007909975e-05,6.6148522913240955,5.705731847242922,5.705731847242922,0.0002851955260132279,-0.00014563284824939667,-0.00014563284824939667,1.933640507987718,9.021678072158442,9.021678072158442,0.00016151380988412895,-8.455477007909975e-05,-8.455477007909975e-05,2.037909485673043,9.1603684361964,9.1603684361964,0.0002851955260132279,-0.00014563284824939667,-0.00014563284824939667
CDLP,2026-08-14,2026-08-14,5.8999999999999995,1.8574378490764074,,,,0.114357,-0.00021687500000000526,0.0003570416666666687,0.07702062708333333,-0.0008314833333333271,-0.0008314833333333271,8.05891445690403,0.37625057118161465,0.37625057118161465,5.93797440309164e-05,-1.1335544557127736e-05,-1.1335544557127736e-05,8.26273835143762,0.36740558917913724,0.36740558917913724,0.00010692955546727803,-2.009965398686641e-05,-2.009965398686641e-05,7.424941432426529,6.142214308420211,6.142214308420211,5.93797440309164e-05,-1.1335544557127736e-05,-1.1335544557127736e-05,7.510069280355533,6.1930953959886414,6.1930953959886414,0.00010692955546727803,-2.009965398686641e-05,-2.009965398686641e-05
CDLP,2026-08-20,2026-08-20,2.2,2.7534151798599527,,,,0.11508189583333334,5.791666666665751e-05,5.791666666665751e-05,0.075175475,-0.00038588958333332646,-0.00038588958333332646,5.559054053658114,5.1191227317343895,5.1191227317343895,3.4120266820740455e-05,-4.354448851143888e-06,-4.354448851143888e-06,5.412641791681734,5.050825595926572,5.050825595926572,5.9744546362529345e-05,-7.982676075410335e-06,-7.982676075410335e-06,8.119812416124955,2.2501796393184517,2.2501796393184517,3.4120266820740455e-05,-4.354448851143888e-06,-4.354448851143888e-06,7.821036564911759,2.2037660320902264,2.2037660320902264,5.9744546362529345e-05,-7.982676075410335e-06,-7.982676075410335e-06
CDLP,2026-08-24,2026-08-24,25.1,11.369556668344048,,,,0.11489364583333335,0.10254397916666665,0.10254397916666665,0.07330309166666667,0.005105393750000006,0.005105393750000006,8.748118725225806,16.237394424367267,16.237394424367267,2.6061307230501023e-05,-3.176026132215293e-06,-3.176026132215293e-06,8.643632395707614,16.781711446751856,16.781711446751856,4.5571193459351947e-05,-4.992236220666131e-06,-4.992236220666131e-06,8.807140437441891,37.94417876171573,37.94417876171573,2.6061307230501023e-05,24.908184009493308,24.908184009493308,8.595359205328549,38.94971147183542,38.94971147183542,4.5571193459351947e-05,25.08480523484109,25.08480523484109
SCA,2026-08-02,2026-08-03,5.5,6.698589793580348,0.16747916666666665,-0.0047499999999999765,-0.0015833333333333255,0.24302083333333332,-0.004312500000000025,-0.0017708333333333326,0.27775000000000005,-0.0015625000000000222,-0.0015625000000000222,0.5248456460600369,7.905155575856947,7.905155575856947,0.0010502115099563912,-0.00032264268447044933,-0.00032264268447044933,0.4794618335960001,7.909581173095795,7.909581173095795,0.0008351186791777253,-0.00026024050831102155,-0.00026024050831102155,0.12237799916344162,6.317914032974915,6.317914032974915,0.0010502115099563912,-0.00032264268447044933,-0.00032264268447044933,0.09062117671635059,6.293941604580356,6.293941604580356,0.0008351186791777253,-0.00026024050831102155,-0.00026024050831102155
SCA,2026-08-08,2026-08-09,3.6000000000000005,5.125686060096375,0.16560416666666666,-0.0016249999999999876,0.0009583333333333388,0.24,-0.0008958333333333179,0.001187500000000008,0.27537500000000004,-0.0009583333333333388,-0.0009583333333333388,6.586824181455601,3.514641461693291,3.514641461693291,0.0005110170213679734,-0.00015187055801252163,-0.00015187055801252163,6.68152530938627,3.176819250944458,3.176819250944458,0.00040824964956401387,-0.0001273504725428856,-0.0001273504725428856,4.468312333052795,2.941736714945364,2.941736714945364,0.0005110170213679734,-0.00015187055801252163,-0.00015187055801252163,4.5133838009408205,2.7137662439869485,2.7137662439869485,0.00040824964956401387,-0.0001273504725428856,-0.0001273504725428856
SCA,2026-08-20,2026-08-20,11.6,1.6368586758099293,0.16441666666666668,-0.004791666666666666,-0.0017083333333333395,0.23922916666666663,0.014333333333333337,0.014333333333333337,0.27227083333333335,-8.333333333332416e-05,-8.333333333332416e-05,4.241021532006455,4.9288231217006135,4.9288231217006135,0.00013341877822842046,-1.9928675343654903e-05,-1.9928675343654903e-05,4.046444097144087,4.822143913748211,4.822143913748211,0.00010143958649813593,-1.656108730738191e-05,-1.656108730738191e-05,2.3417254774783944,18.11519524663535,18.11519524663535,0.00013341877822842046,-1.9928675343654903e-05,-1.9928675343654903e-05,2.2163167332930076,17.66751870374773,17.66751870374773,0.00010143958649813593,-1.656108730738191e-05,-1.656108730738191e-05
SCA,2026-08-24,2026-08-24,40.00000000000001,25.585621413739133,0.16270833333333334,0.0035833333333332995,0.01529166666666662,0.24227083333333332,0.046999999999999986,0.046999999999999986,0.2697083333333334,0.01924999999999999,0.02268749999999997,7.290967960551145,37.82581001105003,37.82581001105003,9.740325359362185e-05,26.199127331687837,26.199127331687837,7.050488894604387,38.73197247555351,38.73197247555351,7.284071389338638e-05,26.35177419975446,26.35177419975446,16.2653522718895,62.74270402357334,62.74270402357334,9.740325359362185e-05,75.35431422483533,75.35431422483533,15.807562687410469,63.926928850650214,63.926928850650214,7.284071389338638e-05,75.2766627165185,75.2766627165185
CMN,2026-08-06,2026-08-09,13.2,11.189958824157218,0.07966666666666668,0.0006041666666666695,0.0025416666666666643,0.07075,-0.0001666666666666483,0.0005833333333333385,0.06895833333333334,-0.0009583333333333388,-0.0009583333333333388,12.767260334308292,3.5971294930608817,3.5971294930608817,0.00011419451303785395,-5.3506793947290486e-05,-5.3506793947290486e-05,13.427533804071896,4.385873440872761,4.385873440872761,0.00025216847620364725,-0.00011022187326333784,-0.00011022187326333784,,,,,,,,,,,,
CMN,2026-08-20,2026-08-20,8.7,1.4440447674445267,0.0850625,-0.0011458333333333182,-0.0011458333333333182,0.07216666666666667,-0.0001875000000000071,-0.0001875000000000071,0.067875,0.0001250000000000001,0.0001250000000000001,5.350096589357184,4.182554729300682,4.182554729300682,2.1273788642664473e-05,-3.2880962261538894e-06,-3.2880962261538894e-06,6.23018874856175,3.977135956647939,3.977135956647939,5.401318551492346e-05,-8.470055819736629e-06,-8.470055819736629e-06,,,,,,,,,,,,
CMN,2026-08-24,2026-08-24,15.2,9.828767555860155,0.08277083333333334,-0.0007500000000000007,0.0005624999999999936,0.07127083333333334,-0.0005000000000000004,-0.0003541666666666693,0.067,2.083333333333104e-05,2.083333333333104e-05,7.415844584796437,13.105724101051608,13.105724101051608,1.5213358631354758e-05,-2.2892791546346376e-06,-2.2892791546346376e-06,8.170113229513,13.7171903014499,13.7171903014499,3.9261507280735026e-05,-5.096525063611208e-06,-5.096525063611208e-06,,,,,,,,,,,,
EBX,2026-08-16,2026-08-16,25.8,13.531165248616206,0.0944375,0.07089583333333334,0.07089583333333334,0.127375,0.050125,0.050125,0.4580208333333333,-0.004270833333333279,-0.0018749999999999045,62.27378737042693,14.411684087729924,14.411684087729924,73.78243524416135,8.997711721697513,8.997711721697513,64.38388033027296,14.303938642540558,14.303938642540558,75.13463862383108,10.314334509997622,10.314334509997622,30.158381839156494,40.91492202015222,40.91492202015222,19.26481183676209,42.0058931528754,42.0058931528754,31.854171079017785,40.83653921072562,40.83653921072562,20.52641740502597,43.2658302030632,43.2658302030632
EBX,2026-08-24,2026-08-24,26.600000000000005,13.10599519376109,0.14070833333333332,0.04506250000000003,0.04506250000000003,0.166,0.07452083333333329,0.07452083333333329,0.45427083333333335,-0.0008958333333333179,6.249999999996536e-05,63.949072603549865,16.015365684764873,16.015365684764873,59.82816288942573,23.13663475305073,23.13663475305073,64.13583412339057,16.984323305093824,16.984323305093824,61.49319828309473,22.982217130240244,22.982217130240244,66.2585029198116,20.897145511496888,20.897145511496888,57.9018957162583,35.3508558760984,35.3508558760984,66.16667784807298,22.010566399796076,22.010566399796076,58.25159104854725,35.54599404698482,35.54599404698482
EBX,2026-09-09,2026-09-09,14.500000000000002,2.699573342625581,0.08075,0.06681250000000001,0.06681250000000001,0.145375,-0.00010416666666668295,6.249999999999312e-05,0.453,-0.0019166666666666776,-0.0019166666666666776,17.651328271252062,2.09613373475889,2.09613373475889,33.546404906182595,-3.574028321843784,-3.574028321843784,14.576024063646791,2.123051436171412,2.123051436171412,30.04563014084699,-3.673988267624548,-3.673988267624548,19.852999090243042,22.91485920672984,22.91485920672984,41.210322882618016,-4.390540850702564,-4.390540850702564,16.34707399059475,22.410404435546063,22.410404435546063,36.20367468969623,-4.4269957205527355,-4.4269957205527355
LCS,2026-08-06,2026-08-09,10.100000000000001,15.750069377868591,0.10183333333333333,0.015541666666666676,0.01768750000000001,0.14289583333333333,-0.035250000000000004,-0.035250000000000004,0.10085416666666665,-0.014562499999999992,-0.014562499999999992,10.548536203960944,8.413556065660737,8.413556065660737,5.186578041133116e-05,-2.7293048744242408e-05,-2.7293048744242408e-05,11.2703031339014,8.87284218284957,8.87284218284957,0.0001017100510556861,-5.1390961562040326e-05,-5.1390961562040326e-05,16.27244009735645,0.18764709531800605,0.18764709531800605,5.186578041133116e-05,-2.7293048744242408e-05,-2.7293048744242408e-05,17.361495694484574,0.25289278032661144,0.25289278032661144,0.0001017100510556861,-5.1390961562040326e-05,-5.1390961562040326e-05
LCS,2026-08-14,2026-08-14,2.0,1.813773366836643,0.11822916666666666,-0.005624999999999991,-0.005624999999999991,0.10195833333333333,-0.005333333333333329,-0.005333333333333329,0.08599999999999998,-0.0005624999999999797,-0.0005624999999999797,9.541375427068932,-0.7429363491306482,-0.7429363491306482,1.540321792843389e-05,-3.932964349079472e-06,-3.932964349079472e-06,10.15152168908811,-0.7118267465524966,-0.7118267465524966,3.15919249430601e-05,-7.64317321880711e-06,-7.64317321880711e-06,8.169005041285645,0.02138920374775033,0.02138920374775033,1.540321792843389e-05,-3.932964349079472e-06,-3.932964349079472e-06,8.762591025771425,0.04164351239002251,0.04164351239002251,3.15919249430601e-05,-7.64317321880711e-06,-7.64317321880711e-06
LCS,2026-08-20,2026-08-20,3.3,0.4893154769624265,0.11035416666666668,-0.007729166666666676,-0.007729166666666676,0.09312499999999997,-0.002125000000000002,-0.002125000000000002,0.08460416666666666,0.00014583333333333115,0.00014583333333333115,4.450092158440675,2.3528227598001292,2.3528227598001292,6.664728010773659e-06,-1.312722071573151e-06,-1.312722071573151e-06,4.740619837420863,2.289689572066009,2.289689572066009,1.3928044819566447e-05,-2.7593047225073507e-06,-2.7593047225073507e-06,3.728948163190254,4.977290218207735,4.977290218207735,6.664728010773659e-06,-1.312722071573151e-06,-1.312722071573151e-06,4.006324897268492,4.887483660284548,4.887483660284548,1.3928044819566447e-05,-2.7593047225073507e-06,-2.7593047225073507e-06
LCS,2026-08-24,2026-08-24,5.4,7.156101773495969,0.10181250000000001,-0.00039583333333334525,0.002270833333333333,0.08920833333333333,-0.0017916666666666775,-0.001291666666666691,0.08295833333333334,2.083333333333104e-05,2.083333333333104e-05,4.9368260019971535,10.588546142759082,10.588546142759082,4.32200343423666e-06,-8.228824182192682e-07,-8.228824182192682e-07,5.278719101429313,11.151643811374278,11.151643811374278,9.226569559868921e-06,-1.5510150530591368e-06,-1.5510150530591368e-06,7.148366096253892,7.060663865042749,7.060663865042749,4.32200343423666e-06,-8.228824182192682e-07,-8.228824182192682e-07,7.537028372898159,7.557742778579837,7.557742778579837,9.226569559868921e-06,-1.5510150530591368e-06,-1.5510150530591368e-06
PSN,2026-08-03,2026-08-03,21.3,5.914223009316812,0.05366666666666667,0.09216666666666667,0.09216666666666667,0.0759375,0.021979166666666647,0.021979166666666647,0.09022916666666665,0.0008333333333333387,0.002479166666666671,1.8285540103933065,7.734186180541672,7.734186180541672,0.000349505828254911,-8.099914001390786e-05,-8.099914001390786e-05,1.7776832759855499,7.929501659216258,7.929501659216258,0.0003030298658016547,-6.732652712559075e-05,-6.732652712559075e-05,,,,,,,,,,,,
PSN,2026-08-08,2026-08-08,1.0,2.0057346252141888,0.1009375,-0.016541666666666663,-0.016541666666666663,0.09547916666666667,-0.002354166666666671,-0.002354166666666671,0.09295833333333332,0.001041666666666663,0.00110416666666667,7.323826383889478,1.0265503703697414,1.0265503703697414,0.0001818469738536137,-4.268425057164519e-05,-4.268425057164519e-05,7.604064100806015,0.9147290730309319,0.9147290730309319,0.00016238953033299655,-3.8335854531933324e-05,-3.8335854531933324e-05,,,,,,,,,,,,
PSN,2026-08-14,2026-08-16,6.4,11.989127809347583,0.06989583333333334,-0.004770833333333335,-0.0039791666666666725,0.08822916666666665,-0.005479166666666646,-0.005479166666666646,0.09399999999999999,0.00020833333333335202,0.00020833333333335202,4.107994965401394,13.389420655974478,13.389420655974478,8.230064980401692e-05,-3.0151863553824724e-05,-3.0151863553824724e-05,4.109323687967269,13.599286694365599,13.599286694365599,7.242954775533177e-05,-2.6237464518730603e-05,-2.6237464518730603e-05,,,,,,,,,,,,
PSN,2026-08-20,2026-08-20,7.0,2.3965621019983123,0.06581250000000001,-0.0014375000000000082,0.001041666666666663,0.08195833333333334,-0.0012708333333333321,-0.0012708333333333321,0.09399999999999999,4.166666666666208e-05,0.0002500000000000002,12.356511878281106,1.544751466920438,1.544751466920438,4.135476210467804e-05,-6.789806631305911e-06,-6.789806631305911e-06,12.41184190971614,1.326207127683178,1.326207127683178,3.6447581639546685e-05,-6.29917081310115e-06,-6.29917081310115e-06,,,,,,,,,,,,
PSN,2026-08-24,2026-08-24,37.39999999999999,24.979698023099004,0.06685416666666667,0.10222916666666666,0.10222916666666666,0.07987500000000002,0.0838125,0.0838125,0.09412499999999997,0.007791666666666697,0.01839583333333336,10.682611751686238,38.78119472877353,38.78119472877353,2.899911768529269e-05,30.43281414345119,30.43281414345119,10.672963050198815,40.04555413629058,40.04555413629058,2.5478335597822524e-05,30.938455748362138,30.938455748362138,,,,,,,,,,,,
PSN,2026-09-09,2026-09-09,6.300000000000001,3.7786111447520216,0.06681250000000001,-0.0027916666666666645,-0.0015208333333333324,0.09683333333333333,-0.0061250000000000054,-0.0061250000000000054,0.10952083333333333,-0.0023749999999999882,-0.0023749999999999882,6.908935044897768,5.255451876467045,5.255451876467045,8.157095531332208,-1.0042110650743332,-1.0042110650743332,6.498754971217272,5.099075779017333,5.099075779017333,7.827084759229172,-1.0527522610164972,-1.0527522610164972,,,,,,,,,,,,
BDS,2026-07-25,2026-07-25,6.1,2.1037416095555006,0.09937499999999999,-0.0004166666666666624,-0.0004166666666666624,0.1770208333333333,-0.00285416666666663,-0.0020416666666666916,0.21543750000000003,4.166666666663432e-05,4.166666666663432e-05,1.7284401291927616,2.5461816798743344,2.5461816798743344,0.004978179245964524,-0.0009786383803971066,-0.0009786383803971066,2.3385454546732385,2.5234009456568076,2.5234009456568076,0.013602386962689209,-0.0024465206515398366,-0.0024465206515398366,1.6362845923107807,8.32760483217982,8.32760483217982,0.004978179245964524,-0.0009786383803971066,-0.0009786383803971066,2.2389266507287164,8.485329375720505,8.485329375720505,0.013602386962689209,-0.0024465206515398366,-0.0024465206515398366
BDS,2026-08-06,2026-08-16,91.8,66.2829804021581,0.10129166666666667,0.016541666666666677,0.018125000000000002,0.17452083333333332,0.04622916666666668,0.04622916666666668,0.21643749999999998,0.016354166666666725,0.01756250000000001,13.977448980482261,42.54245662709759,42.54245662709759,0.001108610146973588,60.47698047578628,60.47698047578628,15.614267548504394,48.673935877253875,48.673935877253875,0.0038425148730797283,74.11833642896977,74.11833642896977,6.913105895771436,61.10800037390858,61.10800037390858,0.001108610146973588,69.93880089256609,69.93880089256609,8.18344254314789,67.70108065325513,67.70108065325513,0.0038425148730797283,76.65198416447701,76.65198416447701
BDS,2026-08-24,2026-08-24,37.699999999999996,3.1604092770826884,0.11797916666666668,0.003208333333333327,0.00474999999999999,0.2104166666666667,0.05377083333333332,0.05377083333333332,0.2351458333333333,0.004187500000000011,0.00466666666666668,47.57783321472837,0.7729147615237153,0.7729147615237153,45.75131832470054,-3.291521670601199,-3.291521670601199,55.796886262681795,0.9923093137789465,0.9923093137789465,60.250071746283425,-3.3886687018146304,-3.3886687018146304,57.41766211852209,35.25368959253919,35.25368959253919,55.02170050271307,41.24515249728693,41.24515249728693,65.86343863916449,27.472768549318374,27.472768549318374,62.78371948179065,33.8276118163947,33.8276118163947
BDS,2026-09-09,2026-09-09,14.0,0.6164381605328844,0.10395833333333333,-0.0008749999999999869,-0.0008749999999999869,0.18560416666666665,-0.0021458333333332913,-0.0021458333333332913,0.23027083333333334,-0.0016874999999999807,-0.0016874999999999807,20.079247583329487,-0.7303607820078142,-0.7303607820078142,23.596591346906994,-1.4723303924698854,-1.4723303924698854,24.063956739456348,-1.6788987603644117,-1.6788987603644117,32.19634951089306,-2.520623968991,-2.520623968991,43.89900755085209,22.550731945328565,22.550731945328565,66.894083,-0.7680568679583786,-0.7680568679583786,45.02924545141303,21.08882204444403,21.08882204444403,67.74143182714238,-1.1704711593769872,-1.1704711593769872
CDPA,2026-08-06,2026-08-06,1.8000000000000003,1.5100747709380296,0.1379166666666667,0.000916666666666649,0.0012916666666666632,0.10229166666666667,0.0009374999999999939,0.001125000000000001,0.252875,-0.022770833333333323,-0.022770833333333323,8.46512647041421,-0.24189245239056412,2.521486713042414,0.008919326670319009,-0.0017381489394727506,-0.0017381489394727506,8.238284064113172,-0.5131755520490247,1.870613437346437,0.00850148663870093,-0.0018478558762570685,-0.0018478558762570685,,,,,,,,,,,,
CDPA,2026-08-20,2026-08-24,18.2,11.943060632982272,0.15220833333333336,0.006208333333333316,0.008645833333333297,0.17833333333333332,0.002062499999999995,0.002062499999999995,0.2971875,0.007062499999999972,0.007062499999999972,16.886316899411423,8.999816635120062,8.999816635120062,7.19905404962041,-2.578614928241831,-2.578614928241831,15.399131040364127,10.136363206153336,10.136363206153336,6.381357790903421,-2.217544238050455,-2.217544238050455,,,,,,,,,,,,
CDPA,2026-09-09,2026-09-09,3.8000000000000003,2.2076619205439396,0.15727083333333333,-0.0020000000000000018,-0.0019583333333333397,0.13227083333333334,-0.003375000000000017,-0.003375000000000017,0.2448125,-0.005791666666666639,-0.005791666666666639,5.1749502610430325,2.8483100868252302,2.8483100868252302,1.4728970411562157,-0.14156639420100303,-0.14156639420100303,4.761454019383096,2.602539061032128,2.602539061032128,1.2589409197556387,-0.15127360636266052,-0.15127360636266052,,,,,,,,,,,,
LCDA,2026-08-01,2026-08-03,90.60000000000001,15.809026364709261,0.04520833333333333,0.07941666666666666,0.07941666666666666,0.04979166666666667,0.09285416666666665,0.09285416666666665,0.03266666666666667,0.06318750000000001,0.06318750000000001,6.279740058942969,17.448331139203177,24.18609942623776,0.10805158640712449,-0.034276642493967946,-0.034276642493967946,7.281417469272225,18.27282910039771,25.52746181931381,0.15913117097583418,-0.045210206474374875,-0.045210206474374875,4.114542653882094,78.28156759311716,78.28156759311716,0.10805158640712449,90.67828696005101,90.67828696005101,4.817103180109395,79.81366782323691,79.81366782323691,0.15913117097583418,91.84493200786682,91.84493200786682
LCDA,2026-08-14,2026-08-15,14.1,0.2125348312519277,0.1444791666666667,0.017187500000000022,0.017187500000000022,0.15160416666666668,0.01710416666666667,0.01710416666666667,0.11704166666666667,0.004750000000000004,0.007729166666666676,52.25883894251866,-9.209696587370452,-9.209696587370452,37.67800722741806,-4.751894081693123,-4.751894081693123,59.51880904083574,-9.438940535121958,-9.438940535121958,44.980438617223285,-5.360108056488009,-5.360108056488009,64.95932921446504,15.229707517412336,15.229707517412336,73.95082888684452,2.1149823962168597,2.1149823962168597,70.98292444353622,15.415911020820147,15.415911020820147,77.63818458246396,7.2685821783006475,7.2685821783006475
LCDA,2026-08-24,2026-08-24,10.0,0.0,0.14608333333333332,0.01050000000000001,0.01050000000000001,0.154375,0.010979166666666679,0.010979166666666679,0.12397916666666668,0.0006458333333333038,0.0006458333333333038,52.724394191265766,-3.0926183603397064,-3.0926183603397064,28.57077428129027,-1.145714714127429,-1.145714714127429,57.43164181100424,-3.4679238611129506,-3.4679238611129506,34.65329137949704,-1.5098789542665756,-1.5098789542665756,84.46491737301714,11.483960315828824,11.483960315828824,83.96644931857767,13.98719373570016,13.98719373570016,88.67715972435477,6.917215305696459,6.917215305696459,90.54219399292516,7.230369319484794,7.230369319484794
LCDA,2026-09-09,2026-09-09,2.9,0.0,0.0724375,0.005604166666666674,0.005604166666666674,0.07906250000000001,-0.001208333333333339,-0.001208333333333339,0.08952083333333331,-0.0038541666666666446,-0.0038541666666666446,29.487100484437214,-1.9724962868539784,-1.9724962868539784,19.186631765121877,-0.8654757120269316,-0.8654757120269316,27.507172596251195,-3.02573647691662,-3.02573647691662,20.895620993241128,-1.561879483687676,-1.561879483687676,63.89600243090457,1.4748679561425178,1.4748679561425178,80.09147286108559,-2.3078656853725903,-2.3078656853725903,55.30498346425271,-0.7844887287210938,-0.7844887287210938,74.7073452365758,-3.8843890472475664,-3.8843890472475664
EML,2026-08-03,2026-08-03,11.1,8.615192535612685,0.058125,-0.0008958333333333388,0.0015833333333333255,0.12645833333333334,0.010291666666666671,0.010291666666666671,0.030625,-0.00010416666666666907,0.00016666666666666566,0.10569485253048452,12.081732843254324,12.081732843254324,0.0001900749084031145,-4.3959136640824026e-05,-4.3959136640824026e-05,0.11540610492934766,12.572648964584463,12.572648964584463,0.0004134129779777246,-8.705272907386308e-05,-8.705272907386308e-05,0.015819253036750094,15.500283814606862,15.500283814606862,0.0001900749084031145,-4.3959136640824026e-05,-4.3959136640824026e-05,0.020324709499518534,16.129912610159323,16.129912610159323,0.0004134129779777246,-8.705272907386308e-05,-8.705272907386308e-05
EML,2026-08-15,2026-08-15,3.2,5.10234471501353,0.06683333333333334,-0.0009791666666666698,-8.333333333333803e-05,0.12772916666666667,-0.0014583333333333393,-0.0014375000000000082,0.030437499999999996,-0.00010416666666666213,-0.00010416666666666213,12.835458651719012,4.516996904265305,4.516996904265305,3.864814855258046e-05,-6.993918744231672e-06,-6.993918744231672e-06,13.789979727390369,4.882536033719157,4.882536033719157,9.639787517847469e-05,-1.566924192720181e-05,-1.566924192720181e-05,2.766393592105764,4.200095489057949,4.200095489057949,3.864814855258046e-05,-6.993918744231672e-06,-6.993918744231672e-06,3.3097991556476267,4.309422803725118,4.309422803725118,9.639787517847469e-05,-1.566924192720181e-05,-1.566924192720181e-05
BCLL,2026-07-23,2026-07-23,1.6,0.09073086461022031,0.05960416666666666,-0.0008749999999999869,-0.0007291666666666557,0.04499999999999999,-0.0004583333333333245,-0.00043750000000000733,0.06402083333333333,-0.0002916666666666623,-0.0002916666666666623,1.9400065084655351,-0.5284703416666507,-0.07232033331546739,0.004892183808396715,-0.0011517429762261167,-0.0011517429762261167,2.06973451386313,-0.5404735627173229,-0.11162443831055535,0.007535078329230908,-0.0016947612345829593,-0.0016947612345829593,,,,,,,,,,,,
BCLL,2026-08-14,2026-08-16,49.800000000000004,2.874621068500144,0.11860416666666666,0.020833333333333356,0.020833333333333356,0.09154166666666665,0.008020833333333352,0.008020833333333352,0.17139583333333333,0.005833333333333357,0.005833333333333357,50.390054989411375,-10.797606127696653,-10.797606127696653,64.85960528800754,-11.967004721435316,-11.967004721435316,57.979020494978464,-11.007278982147362,-11.007278982147362,69.96549837484822,-10.78540380889251,-10.78540380889251,,,,,,,,,,,,
BCLL,2026-08-24,2026-08-24,19.400000000000002,5.153626334654321,0.11491666666666667,0.0008958333333333596,0.0008958333333333596,0.08833333333333332,0.009375000000000008,0.009375000000000008,0.15808333333333335,0.015583333333333282,0.015583333333333282,30.030388436013897,4.374855152813868,4.374855152813868,39.51159251506988,-3.6932035767102533,-3.6932035767102533,34.77751709758234,4.388709747868695,4.388709747868695,44.80290941154778,-3.7218777205358364,-3.7218777205358364,,,,,,,,,,,,
LLA,2026-08-11,2026-08-11,29.3,18.606892533173742,0.1739375,0.03793750000000001,0.03793750000000001,0.20841666666666667,0.04022916666666668,0.04022916666666668,0.23347916666666668,0.10056249999999994,0.10056249999999994,17.326548322584834,22.504706993943017,22.504706993943017,2.6703681998773558e-05,20.810998138670207,20.810998138670207,19.38734280796545,24.604828285879695,24.604828285879695,6.146986418574441e-05,24.276153727608047,24.276153727608047,68.4393527574469,8.824783591457063,8.824783591457063,82.5863315621679,5.346023379383638,5.346023379383638,73.09487048623963,7.763390746496739,7.763390746496739,85.31745650075226,4.62217058254366,4.62217058254366
LLA,2026-08-15,2026-08-16,12.2,10.446685510898671,0.17822916666666666,0.030312500000000048,0.030312500000000048,0.22045833333333334,-0.004750000000000032,-0.004750000000000032,0.2344166666666667,-0.01100000000000001,-0.01100000000000001,28.610690924801215,4.03990318218462,4.03990318218462,16.27088022189826,-4.320589614814647,-4.320589614814647,33.59960505603826,5.130844979097198,5.130844979097198,19.834328518546258,-4.4478101899287115,-4.4478101899287115,56.73993750603257,0.25460120856124036,0.25460120856124036,75.62706163655685,-15.431071200850141,-15.431071200850141,63.476982583290926,3.7539714485444975,3.7539714485444975,79.83548345718457,-11.487594747852782,-11.487594747852782
LLA,2026-08-24,2026-08-24,36.699999999999996,6.7732437131007694,0.13702083333333334,0.08541666666666664,0.08541666666666664,0.1878333333333333,0.048791666666666705,0.048791666666666705,0.21081249999999999,0.04277083333333334,0.04277083333333334,19.960556790594474,6.49195794062895,6.49195794062895,6.644930945571497,-1.0927597901285004,-1.0927597901285004,24.873321436109567,6.621124628624823,6.621124628624823,9.25797556629235,-1.3029864858326272,-1.3029864858326272,32.237543832308084,50.57928965311475,50.57928965311475,34.091276063696064,56.92546144958768,56.92546144958768,41.8102953945856,43.58203963737615,43.58203963737615,43.42235888915381,48.99333539678622,48.99333539678622
LLA,2026-09-09,2026-09-09,2.7000000000000006,2.5775558436159627,0.06614583333333333,-0.002020833333333333,-0.002020833333333333,0.12272916666666667,-0.008291666666666683,-0.008291666666666683,0.1856875,-0.004625000000000018,-0.004625000000000018,3.4698325235682423,3.6964653617323053,3.6964653617323053,1.4203416261999475,-0.19544331616493693,-0.19544331616493693,5.4385952745451895,3.6451517836334766,3.6451517836334766,2.452238141421694,-0.2828412307916497,-0.2828412307916497,11.896893820329526,2.226786011969846,2.226786011969846,29.0513841628134,-3.9975585839532926,-3.9975585839532926,16.344977966699002,2.0302835219878155,2.0302835219878155,36.00071274302538,-4.152323434505675,-4.152323434505675
CLLA,2026-08-04,2026-08-07,99.50000000000001,72.40120449283285,0.04502083333333332,0.14504166666666662,0.14793750000000003,0.08189583333333333,0.2275625,0.2275625,0.14072916666666666,0.16727083333333334,0.16727083333333334,2.4625304690053595,76.34585813802437,76.34585813802437,0.19432572881669768,88.58874757945398,88.58874757945398,2.5798670726694786,77.18173870627132,77.18173870627132,0.26502596762984265,89.04976477527987,89.04976477527987,,,,,,,,,,,,
CLLA,2026-08-11,2026-08-16,7.4,3.6173530698933556,0.18881249999999997,-0.0512083333333333,-0.0512083333333333,0.2693541666666667,-0.12897916666666667,-0.12897916666666667,0.29416666666666663,-0.05570833333333333,-0.05570833333333333,60.50466533464525,-33.16865513837651,-33.16865513837651,77.93042669172932,-32.304908951766436,-32.304908951766436,61.443829684809295,-32.804291652826606,-32.804291652826606,78.51419611810798,-31.30638589013755,-31.30638589013755,,,,,,,,,,,,
CLLA,2026-08-24,2026-08-24,8.299999999999999,0.8650222130114688,0.10820833333333335,-0.005666666666666667,-0.005666666666666667,0.10329166666666667,-0.0038750000000000173,-0.0038750000000000173,0.20147916666666668,-0.008624999999999994,-0.008624999999999994,15.882640431785095,-1.578348547009183,-1.578348547009183,29.993983226194292,-3.8100955859283197,-3.8100955859283197,17.150932579595906,-1.6224946119571282,-1.6224946119571282,31.752909089254203,-3.805124770212011,-3.805124770212011,,,,,,,,,,,,
CLLA,2026-09-09,2026-09-09,17.5,10.6352073639542,0.06814583333333334,0.002020833333333333,0.004562499999999997,0.086125,-0.0016458333333333325,-0.001020833333333332,0.153375,-0.0016041666666666843,-0.0016041666666666843,3.5633073437223155,16.42823613669558,16.42823613669558,8.33412766362787,-0.8697408404778635,-0.8697408404778635,3.9968931109391463,16.59988515106759,16.59988515106759,9.353142955602124,-0.9109662106295353,-0.9109662106295353,,,,,,,,,,,,
CLLP,2026-09-09,2026-09-10,41.599999999999994,9.28926033593279,0.06422916666666667,-0.0026666666666666713,-0.0019375000000000017,0.08739583333333333,-0.002354166666666657,-0.001937499999999981,0.084,-0.0017500000000000016,-0.0017291666666666705,1.9866517143390372,12.35856726743511,12.35856726743511,0.0009450440381763094,-0.00017054145476304338,-0.00017054145476304338,1.8554446996865237,11.319253870414466,11.319253870414466,0.0007832922474770415,-0.00017402094581237893,-0.00017402094581237893,0.8322942036100963,61.199607980621145,61.199607980621145,0.0009450440381763094,51.99028853341875,51.99028853341875,0.794055666747257,57.19171744756146,57.19171744756146,0.0007832922474770415,47.53811327193547,47.53811327193547
BOLV,2026-07-23,2026-07-23,8.299999999999999,8.548932699012152,0.024999999999999998,0.007166666666666672,0.007166666666666672,,,,0.0319375,-2.083333333333104e-05,0.0010000000000000009,1.0789951097943065,11.20291459157825,11.20291459157825,0.07028460699778225,-0.019782932391496914,-0.019782932391496914,1.0144986379086962,11.363113954591123,11.363113954591123,0.07682543668843901,-0.021218959171024808,-0.021218959171024808,1.0789951097943065,10.86232886296535,10.86232886296535,0.07028460699778225,-0.019782932391496914,-0.019782932391496914,1.0144986379086962,11.018770362351324,11.018770362351324,0.07682543668843901,-0.021218959171024808,-0.021218959171024808
BOLV,2026-08-14,2026-08-16,20.5,24.51878423221506,0.11991666666666667,0.014687499999999992,0.014687499999999992,0.02754166666666667,-0.0004791666666666694,-0.0004791666666666694,0.08291666666666668,-0.00466666666666668,-0.00466666666666668,53.40662731637479,11.757519501240004,11.757519501240004,67.16281623840014,2.0255628236126313,2.0255628236126313,59.483549206176384,14.9521931250435,14.9521931250435,73.14456850055329,8.851966100471685,8.851966100471685,47.88361569610814,5.088384318577752,5.088384318577752,45.961313454212714,-7.269268308168016,-7.269268308168016,55.51540507435881,7.704851046256941,7.704851046256941,56.36617673433078,-3.7463239786054814,-3.7463239786054814
BOLV,2026-08-24,2026-08-24,33.3,34.979274610827325,0.06639583333333333,0.09110416666666667,0.09110416666666667,0.017208333333333336,0.023520833333333335,0.023520833333333335,0.07202083333333333,0.038583333333333344,0.038583333333333344,31.567901968836935,49.86834904236336,49.86834904236336,37.70011364817341,52.53225577146946,52.53225577146946,38.74030538781381,44.74576055345903,44.74576055345903,51.08257889680956,40.273388448384104,40.273388448384104,27.55254356790099,54.04842242800148,54.04842242800148,19.87587231115527,66.24966033024927,66.24966033024927,33.83698871522521,49.814636269523085,49.814636269523085,28.392952031354145,62.96301531383952,62.96301531383952
BOLV,2026-09-09,2026-09-09,1.2,3.3435771468151745,0.03383333333333333,-0.0025416666666666643,-0.0025416666666666643,,,,0.052145833333333336,-0.0037708333333333344,-0.0037708333333333344,8.45617783458594,4.266805671540492,4.266805671540492,23.072824192801235,-3.202417337467761,-3.202417337467761,10.087278295117445,3.9064111013173033,3.9064111013173033,25.98882158534617,-3.642137127488173,-3.642137127488173,8.885100837810928,0.3566611293439159,0.3566611293439159,21.253439636993757,-2.9498939100644996,-2.9498939100644996,10.516110129128869,0.004445493590898408,0.004445493590898408,25.98882158534617,-3.642137127488173,-3.642137127488173
GGUE,2026-07-25,2026-07-26,11.6,8.932875821379083,0.03864583333333333,0.010020833333333333,0.012770833333333335,0.079625,-0.0012708333333333321,-0.0001666666666666622,0.06741666666666667,-0.00018749999999999323,0.00039583333333333137,0.016607866354946103,10.918438972758501,10.918438972758501,0.10834530523893941,-0.027248111829904886,-0.027248111829904886,0.02197484220244031,10.857818626494433,10.857818626494433,0.14137586491739523,-0.0358677857476484,-0.0358677857476484,0.016607866354946103,13.658309359347161,13.658309359347161,0.10834530523893941,-0.027248111829904886,-0.027248111829904886,0.02197484220244031,13.588693140664812,13.588693140664812,0.14137586491739523,-0.0358677857476484,-0.0358677857476484
GGUE,2026-08-06,2026-08-06,2.1999999999999997,2.522740380585471,0.051479166666666666,-0.002395833333333333,-0.002250000000000009,0.08283333333333334,-0.0005416666666666625,-0.00039583333333333137,0.06889583333333334,-0.0002916666666666623,-0.0002916666666666623,3.054339624012196,2.4781252928412685,2.4781252928412685,0.03436449892645918,-0.006397803477310796,-0.006397803477310796,3.6892477832584896,2.573826780909785,2.573826780909785,0.05091714674476311,-0.008264135523981156,-0.008264135523981156,3.7720808533139767,1.8062669292166653,1.8062669292166653,0.03436449892645918,-0.006397803477310796,-0.006397803477310796,4.562963068079614,1.8689659217052004,1.8689659217052004,0.05091714674476311,-0.008264135523981156,-0.008264135523981156
GGUE,2026-08-21,2026-08-21,25.5,12.876345117983579,0.04322916666666665,0.062416666666666676,0.062416666666666676,0.08014583333333335,0.023520833333333324,0.0373333333333333,0.068,-0.0001875000000000071,-0.0001875000000000071,2.2718364654851757,18.41861439556635,18.41861439556635,0.008726935106750964,-0.000972843258824364,-0.000972843258824364,2.7350297860474306,18.22345750979418,18.22345750979418,0.015532008788996706,-0.0017839462282200399,-0.0017839462282200399,0.9723810288155273,36.984950884755364,36.984950884755364,0.008726935106750964,14.898217976139229,14.898217976139229,1.4133773818624722,36.69480592313072,36.69480592313072,0.015532008788996706,14.99910374414131,14.99910374414131
GGUE,2026-09-09,2026-09-09,14.0,10.526302558002506,0.05477083333333333,0.022229166666666668,0.022229166666666668,0.08756249999999999,-0.003187499999999996,-0.002270833333333333,0.069,-0.0005208333333333315,-0.0005208333333333315,4.441700807289747,15.394514869453536,15.394514869453536,0.002398067795495493,-0.00025180104748023487,-0.00025180104748023487,5.209889075493476,13.99704710602872,13.99704710602872,0.004788860693238436,-0.0006861948683837427,-0.0006861948683837427,7.14859397741703,19.519658274006463,19.519658274006463,4.610193588362404,-0.4840778800402763,-0.4840778800402763,8.460954546776726,17.55507396168934,17.55507396168934,5.230045954667114,-0.7494122141767292,-0.7494122141767292
AGDS,2026-08-10,2026-08-10,3.7,1.584198816434984,0.07660416666666668,0.00041666666666664853,0.0013749999999999873,0.10485416666666665,-0.0012083333333333252,-0.0008749999999999869,0.144,-0.0010000000000000009,-0.0010000000000000009,33.40742866173678,-8.641542915540082,-8.641542915540082,32.62444462040829,-7.536204266190026,-7.536204266190026,35.90453964868845,-8.69394931785406,-8.69394931785406,34.29843730155655,-7.419541199322634,-7.419541199322634,0.37572352459717306,5.103041705801278,5.103041705801278,2.8409886716569587e-05,-6.562646873119627e-06,-6.562646873119627e-06,0.4036194155368501,5.2520804732763215,5.2520804732763215,8.085715664108854e-05,-1.7491263513962318e-05,-1.7491263513962318e-05
AGDS,2026-08-15,2026-08-15,1.8,18.12305382588487,0.07772916666666667,-0.0015000000000000013,-0.0004791666666666694,0.10395833333333333,-0.001312500000000008,-0.0004791666666666694,0.143,-0.0013958333333333184,-0.0013958333333333184,13.02142113091659,24.073859872796422,24.073859872796422,16.343304847730206,5.315975241404825,5.315975241404825,15.183719597378794,24.721670058645206,24.721670058645206,18.21817638862168,6.200184077467593,6.200184077467593,2.880628218734208,1.9538938925394924,1.9538938925394924,1.4232010527711077e-05,-2.725522273563105e-06,-2.725522273563105e-06,3.1559242263610363,2.034178907412919,2.034178907412919,4.2948602264830065e-05,-7.513812770815522e-06,-7.513812770815522e-06
AGDS,2026-08-20,2026-08-20,12.0,3.9928078562726483,0.07733333333333334,0.014666666666666647,0.01747916666666667,0.10360416666666666,-0.0009374999999999939,-0.0006041666666666695,0.141,0.0,0.0,22.291878068107902,2.566898574028375,2.566898574028375,15.393688139742045,-2.346318833765279,-2.346318833765279,24.760072601887465,2.2800363593103086,2.2800363593103086,17.731763664131744,-2.603190255566698,-2.603190255566698,2.8966868688964493,19.715987678104273,19.715987678104273,8.177893772970381e-06,-1.2464814153610451e-06,-1.2464814153610451e-06,3.2116568618325725,19.86541973394979,19.86541973394979,2.5731511076212446e-05,-3.7776286760520988e-06,-3.7776286760520988e-06
TDLL,2026-08-06,2026-08-06,63.2,36.47585126651909,0.07720833333333334,0.1612708333333333,0.1612708333333333,0.07210416666666668,0.0026458333333333195,0.022916666666666655,0.06656250000000001,8.333333333332416e-05,0.0006874999999999937,0.05234864581899613,53.759132833446635,53.759132833446635,0.00029074530843378147,48.61848881755807,48.61848881755807,0.06142645603077507,56.96724572125005,56.96724572125005,0.0010847725191663446,50.67413036612586,50.67413036612586,0.0004994611370117314,76.41363050677226,76.41363050677226,0.00029074530843378147,87.34320417339075,87.34320417339075,0.0011446519357992191,80.09539591246497,80.09539591246497,0.0010847725191663446,89.40931925132864,89.40931925132864
TDLL,2026-08-15,2026-08-15,21.900000000000002,13.353852872710696,0.12527083333333333,0.04685416666666667,0.04685416666666667,0.09581250000000001,-0.004270833333333363,-0.003750000000000017,0.069,0.0,0.0,13.530582193300482,15.360289760489664,15.360289760489664,19.10561567147063,-3.8954550291515293,-3.8954550291515293,18.356624606976396,16.321714803983618,16.321714803983618,23.452272494529783,-3.883732454955542,-3.883732454955542,20.116122347126463,26.837488000972193,26.837488000972193,41.46564872182143,8.264465834496391,8.264465834496391,27.345014298411037,29.63866452844338,29.63866452844338,50.88240852776033,12.529473845005057,12.529473845005057
TDLL,2026-08-20,2026-08-20,27.600000000000005,6.668264000691549,0.13916666666666666,0.05560416666666668,0.05560416666666668,0.09185416666666667,0.04460416666666665,0.04460416666666665,0.069,0.01352083333333333,0.01352083333333333,16.652055085201482,6.8823595235971275,6.8823595235971275,10.50987075369083,-1.7157349717750474,-1.7157349717750474,22.26693922223903,6.518276983479911,6.518276983479911,14.538085793427769,-2.0941289972177497,-2.0941289972177497,27.47441574628463,41.03026765865147,41.03026765865147,34.36236400416147,38.1848000918964,38.1848000918964,37.22716970957311,42.21849135249216,42.21849135249216,48.57501424831019,43.639540871740486,43.639540871740486
TDLL,2026-09-09,2026-09-09,1.4,0.9962476758784717,0.08733333333333332,-0.003145833333333306,-0.003145833333333306,0.0766875,-0.0016458333333333325,-0.0016458333333333325,0.06760416666666667,-0.0004166666666666763,-0.0004166666666666763,1.5569702987922662,1.3472518967016782,1.3472518967016782,1.407257583895134,-0.18361635733957082,-0.18361635733957082,2.9895644478917114,1.1901369309667431,1.1901369309667431,2.717394274366769,-0.3106303788410645,-0.3106303788410645,4.537355442983475,1.4487835030196985,1.4487835030196985,12.560086034868933,-1.6388167113023062,-1.6388167113023062,8.735471563792386,0.9176396601517514,0.9176396601517514,25.40008281459988,-2.9035305703410152,-2.9035305703410152
PDCE,2026-08-12,2026-08-12,1.0,0.9673451371621036,0.05610416666666667,-0.0005208333333333315,-0.0003125000000000072,0.13102083333333334,-0.0008750000000000147,-0.0005416666666666625,0.19799999999999998,-0.0007291666666666141,-0.0007291666666666141,1.2174717035845597,0.9837479482020917,2.320703562997864,9.458599115696734e-06,-2.293782025705555e-06,-2.293782025705555e-06,1.0738508495329369,0.9495188930960847,2.302896059992622,3.2705916111325063e-06,-8.587849951475256e-07,-8.587849951475256e-07,1.4048080531512197,0.9671297939302435,1.2553081127872157,9.458599115696734e-06,-2.293782025705555e-06,-2.293782025705555e-06,1.2561788090941086,0.9279977696219228,1.2385266919484657,3.2705916111325063e-06,-8.587849951475256e-07,-8.587849951475256e-07
PDCE,2026-08-24,2026-08-24,4.7,3.972946267423646,0.05314583333333334,-0.00035416666666667623,0.0050416666666666665,0.1290625,-0.002145833333333319,-0.002145833333333319,0.19589583333333335,-0.0008958333333333179,-0.0008958333333333179,0.8537460433088758,6.420394607099251,6.420394607099251,2.2935633986573814e-06,-3.8282553321085884e-07,-3.8282553321085884e-07,0.7200483993847286,6.2755716533023715,6.2755716533023715,7.073101694612103e-07,-1.2778597895897209e-07,-1.2778597895897209e-07,0.5884718073444349,7.696333018953508,7.696333018953508,2.2935633986573814e-06,-3.8282553321085884e-07,-3.8282553321085884e-07,0.48620216670024463,7.518469408798231,7.518469408798231,7.073101694612103e-07,-1.2778597895897209e-07,-1.2778597895897209e-07
VIL,2026-08-24,2026-08-24,3.5,3.2684866386456948,0.06147916666666667,-0.00010416666666666213,0.0017083333333333256,0.142625,-0.0016458333333333186,-0.001312500000000022,0.149,-0.0004791666666666694,-0.0004791666666666694,1.454387496309787,5.265130038237595,5.265130038237595,2.129840622946077e-06,-3.2395501564012267e-07,-3.2395501564012267e-07,1.3690915290231882,5.2629225508093995,5.2629225508093995,1.1268982027782564e-06,-1.7340747101174845e-07,-1.7340747101174845e-07,0.7276528281251065,5.819988644916967,5.819988644916967,2.129840622946077e-06,-3.2395501564012267e-07,-3.2395501564012267e-07,0.6886379968207162,5.8080608407216,5.8080608407216,1.1268982027782564e-06,-1.7340747101174845e-07,-1.7340747101174845e-07
VIL,2026-09-08,2026-09-08,1.2000000000000002,0.7870497808575747,0.06172916666666667,-0.0020833333333333467,-0.0020833333333333467,0.14214583333333333,-0.002020833333333305,-0.002020833333333305,0.14864583333333334,-0.00020833333333333814,-0.00020833333333333814,1.1758595276458017,1.1895311742128185,1.1895311742128185,5.646414091041868e-07,-8.288565808004096e-08,-8.288565808004096e-08,0.9415785042556062,1.1297294954394508,1.1297294954394508,2.5933312884307825e-07,-4.567447978831864e-08,-4.567447978831864e-08,1.1447446513265758,1.8268374358294446,1.8268374358294446,5.646414091041868e-07,-8.288565808004096e-08,-8.288565808004096e-08,0.9215205422544307,1.7312315727243517,1.7312315727243517,2.5933312884307825e-07,-4.567447978831864e-08,-4.567447978831864e-08
MDF,2026-08-22,2026-08-24,64.7,57.41470071681083,0.018208333333333337,0.05516666666666667,0.05516666666666667,0.101125,-8.333333333335191e-05,0.00510416666666666,0.15239583333333334,-0.001145833333333346,-0.001145833333333346,0.23178248596012768,83.4870973763714,83.4870973763714,0.00010069786095728495,91.50701656292702,91.50701656292702,0.28418325240711895,85.87356074010292,85.87356074010292,0.00023448233245313167,92.82566205472767,92.82566205472767,0.750492436161502,82.96503949234722,82.96503949234722,0.00010069786095728495,91.50701656292702,91.50701656292702,0.8340757481948653,85.32030471066814,85.32030471066814,0.00023448233245313167,92.82566205472767,92.82566205472767
