observation_id,species_id,observed_at,analysis_result,flush_abundance,month,season,validation_status,calibration_use,source_quality,latitude,longitude,altitude_m,weather_method,weather_source,weather_station_code,weather_station_name,weather_station_distance_km,weather_station_coverage_days_90d,weather_summary_window_days,rain_1d_mm,rain_7d_mm,rain_14d_mm,rain_21d_mm,rain_30d_mm,rain_60d_mm,rain_90d_mm,temp_min_7d_c,temp_max_7d_c,temp_mean_7d_c,temp_min_14d_c,temp_max_14d_c,temp_mean_14d_c,temp_min_21d_c,temp_max_21d_c,temp_mean_21d_c,temp_min_30d_c,temp_max_30d_c,temp_mean_30d_c,temp_min_c,temp_max_c,temp_mean_c,humidity_min_7d_pct,humidity_max_7d_pct,humidity_mean_7d_pct,humidity_min_14d_pct,humidity_max_14d_pct,humidity_mean_14d_pct,humidity_min_21d_pct,humidity_max_21d_pct,humidity_mean_21d_pct,humidity_min_30d_pct,humidity_max_30d_pct,humidity_mean_30d_pct,humidity_min_pct,humidity_max_pct,humidity_mean_pct,wind_avg_kmh,wind_gust_kmh,wind_direction_deg,data_gaps,observed_host_ids,observed_forest_type_ids,observed_soil_tendency_ids,observed_habitat_feature_ids,observed_aspect_ids
obs_20250729_0002,boletus_aereus,2025-07-29,present,abundant,7,summer,valid,include,1,42.05962777777778,1.9291222222222222,638.1,nearest_station_single_source_daily,wunderground,IOLVAN3,Sainlogic pro,1.16,90,7,0.0,66.03,74.41,147.82,166.87,178.81,267.71,10.61,27.72,19.25,10.61,33.22,21.83,10.61,33.22,21.94,10.61,37.78,22.6,10.61,27.72,19.25,37.0,98.0,72.64,31.0,98.0,69.46,31.0,98.0,70.31,24.0,98.0,67.98,37.0,98.0,72.64,,,,wind_no_data_7d,,,,,
obs_20250801_0002,boletus_aereus,2025-08-01,present,abundant,8,summer,valid,include,1,42.06725,1.9464444444444444,761.7,nearest_station_single_source_daily,wunderground,IOLVAN3,Sainlogic pro,1.39,90,7,0.0,0.25,73.9,132.07,154.17,175.51,262.88,10.61,28.11,20.42,10.61,30.89,20.83,10.61,33.22,21.7,10.61,33.89,22.08,10.61,28.11,20.42,37.0,96.0,68.36,31.0,98.0,70.14,31.0,98.0,69.57,31.0,98.0,69.05,37.0,96.0,68.36,,,,wind_no_data_7d,,,,,
obs_20250805_0002,boletus_aereus,2025-08-05,present,abundant,8,summer,valid,include,1,42.06723055555556,1.9465222222222223,761.9,nearest_station_single_source_daily,wunderground,IOLVAN3,Sainlogic pro,1.4,90,7,0.0,0.0,66.03,74.41,148.33,175.51,212.84,12.89,32.72,22.19,10.61,32.72,20.72,10.61,33.22,21.95,10.61,33.22,21.97,12.89,32.72,22.19,40.0,94.0,68.0,37.0,98.0,70.32,31.0,98.0,68.98,31.0,98.0,69.28,40.0,94.0,68.0,,,,wind_no_data_7d,,,,,
obs_20250806_0002,boletus_aereus,2025-08-06,present,abundant,8,summer,valid,include,1,42.01236388888889,1.9703472222222222,619.9,nearest_station_single_source_daily,wunderground,ISANTA1715,Estació 1 Cal Costet,3.17,67,7,0.0,0.0,17.78,33.53,77.22,108.96,108.96,14.44,33.56,23.62,10.83,33.56,22.12,10.83,34.22,22.87,10.83,34.22,23.03,14.44,33.56,23.62,34.0,99.0,68.43,32.0,99.0,69.32,26.0,99.0,69.98,26.0,99.0,70.2,34.0,99.0,68.43,,,,"rain_90d_coverage_67/90,wind_no_data_7d",,,,,
obs_20250801_0003,amanita_caesarea,2025-08-01,present,scarce,8,summer,valid,include,1,42.06725,1.9464444444444444,761.7,nearest_station_single_source_daily,wunderground,IOLVAN3,Sainlogic pro,1.39,90,7,0.0,0.25,73.9,132.07,154.17,175.51,262.88,10.61,28.11,20.42,10.61,30.89,20.83,10.61,33.22,21.7,10.61,33.89,22.08,10.61,28.11,20.42,37.0,96.0,68.36,31.0,98.0,70.14,31.0,98.0,69.57,31.0,98.0,69.05,37.0,96.0,68.36,,,,wind_no_data_7d,host_quercus_ilex,,,,
obs_20250805_0003,amanita_caesarea,2025-08-05,present,abundant,8,summer,valid,include,1,42.06723055555556,1.9465222222222223,761.9,nearest_station_single_source_daily,wunderground,IOLVAN3,Sainlogic pro,1.4,90,7,0.0,0.0,66.03,74.41,148.33,175.51,212.84,12.89,32.72,22.19,10.61,32.72,20.72,10.61,33.22,21.95,10.61,33.22,21.97,12.89,32.72,22.19,40.0,94.0,68.0,37.0,98.0,70.32,31.0,98.0,68.98,31.0,98.0,69.28,40.0,94.0,68.0,,,,wind_no_data_7d,host_quercus_ilex,forest_holm_oak,"soil_acidic,soil_slightly_acidic",feature_open_warm_woodland,aspect_S
obs_20250806_0003,amanita_caesarea,2025-08-06,present,normal,8,summer,valid,include,1,42.01236388888889,1.9703472222222222,619.9,nearest_station_single_source_daily,wunderground,ISANTA1715,Estació 1 Cal Costet,3.17,67,7,0.0,0.0,17.78,33.53,77.22,108.96,108.96,14.44,33.56,23.62,10.83,33.56,22.12,10.83,34.22,22.87,10.83,34.22,23.03,14.44,33.56,23.62,34.0,99.0,68.43,32.0,99.0,69.32,26.0,99.0,69.98,26.0,99.0,70.2,34.0,99.0,68.43,,,,"rain_90d_coverage_67/90,wind_no_data_7d",host_quercus_ilex,forest_holm_oak,soil_slightly_acidic,feature_open_warm_woodland,aspect_S
obs_20250729_0003,amanita_caesarea,2025-07-29,present,normal,7,summer,valid,include,1,42.05962777777778,1.9291222222222222,638.1,nearest_station_single_source_daily,wunderground,IOLVAN3,Sainlogic pro,1.16,90,7,0.0,66.03,74.41,147.82,166.87,178.81,267.71,10.61,27.72,19.25,10.61,33.22,21.83,10.61,33.22,21.94,10.61,37.78,22.6,10.61,27.72,19.25,37.0,98.0,72.64,31.0,98.0,69.46,31.0,98.0,70.31,24.0,98.0,67.98,37.0,98.0,72.64,,,,wind_no_data_7d,host_quercus_ilex,,,,
obs_20250725_0001,boletus_pinophilus,2025-07-25,present,normal,7,summer,valid,include,1,42.46129166666667,1.8455222222222223,1873.7,nearest_station_single_source_daily,wunderground,IGUILS1,GUILS17528,3.09,85,7,0.0,50.53,85.84,102.6,189.72,276.84,362.2,7.89,27.28,17.17,7.89,32.89,18.67,7.0,32.89,18.67,7.0,32.89,19.53,7.89,27.28,17.17,31.0,99.0,70.21,24.0,99.0,68.11,24.0,99.0,68.1,24.0,99.0,66.0,31.0,99.0,70.21,,,,"rain_90d_coverage_85/90,wind_no_data_7d",host_pinus_uncinata,,,,
obs_20250709_0001,boletus_pinophilus,2025-07-09,present,very_scarce,7,summer,valid,include,1,42.45877777777778,1.803738888888889,2222.1,nearest_station_single_source_daily,meteocat,Z3,Malniu (2.230 m),2.22,82,7,0.0,12.1,26.3,39.0,39.0,95.1,152.1,4.7,21.4,12.61,4.7,23.7,14.3,4.7,23.7,14.74,4.7,23.7,14.77,4.7,21.4,12.61,26.0,93.0,69.64,24.0,96.0,67.04,17.0,96.0,60.45,17.0,96.0,59.67,26.0,93.0,69.64,,,,"rain_60d_coverage_56/60,rain_90d_coverage_82/90,wind_no_data_7d",host_pinus_uncinata,,,,
obs_20250618_0001,boletus_pinophilus,2025-06-18,present,scarce,6,summer,valid,include,1,42.460675,1.8462861111111113,1889.9,nearest_station_single_source_daily,wunderground,IGUILS1,GUILS17528,3.01,48,7,0.0,0.0,0.51,32.0,52.33,117.36,117.36,10.89,31.78,21.29,8.11,31.78,19.96,8.11,31.78,19.18,3.22,31.78,17.32,10.89,31.78,21.29,18.0,91.0,55.71,18.0,99.0,60.04,18.0,99.0,62.57,18.0,99.0,62.6,18.0,91.0,55.71,,,,"rain_60d_coverage_48/60,rain_90d_coverage_48/90,wind_no_data_7d",host_pinus_uncinata,,,,
obs_20250611_0001,boletus_pinophilus,2025-06-11,present,very_scarce,6,summer,valid,include,1,42.401152777777774,1.2790944444444443,1723.2,nearest_station_single_source_daily,meteoclimatic,ESCAT2500000025566A,Rubió,5.39,37,7,5.8,10.4,20.5,20.5,28.9,44.4,53.6,10.0,26.3,18.27,10.0,26.3,17.09,2.4,26.3,14.2,2.4,26.3,13.06,10.0,26.3,18.27,32.0,93.0,64.17,31.0,97.0,63.07,31.0,97.0,63.36,31.0,97.0,64.57,32.0,93.0,64.17,,,,"rain_7d_coverage_3/7,rain_14d_coverage_7/14,rain_21d_coverage_11/21,rain_30d_coverage_14/30,rain_60d_coverage_21/60,rain_90d_coverage_37/90,wind_no_data_7d",host_pinus_uncinata,,,,
obs_20250530_0001,morchella_elata_complex,2025-05-30,absent,absent,5,spring,valid,include,1,42.26753611111111,1.5134027777777779,1780.2,nearest_station_single_source_daily,wunderground,ILAVAN3,Fórnols de Cadí (Cal Puchini),2.02,88,7,0.0,0.0,11.69,23.88,58.42,135.87,272.77,4.22,28.11,16.46,3.39,28.11,14.04,2.78,28.11,12.68,0.11,28.11,11.78,4.22,28.11,16.46,9.0,9.0,9.0,9.0,9.0,9.0,9.0,9.0,9.0,9.0,9.0,9.0,9.0,9.0,9.0,,,,"rain_90d_coverage_88/90,wind_no_data_7d","host_pinus_uncinata,host_pinus_sylvestris",,,,
obs_20250523_0001,morchella_elata_complex,2025-05-23,present,abundant,5,spring,valid,include,1,42.268902777777775,1.5173333333333332,1809.5,nearest_station_single_source_daily,wunderground,ILAVAN3,Fórnols de Cadí (Cal Puchini),2.11,82,7,0.0,11.69,23.88,55.88,68.84,135.87,294.87,3.39,21.22,11.62,2.78,21.22,10.79,0.11,21.22,10.29,0.11,21.22,10.33,3.39,21.22,11.62,9.0,9.0,9.0,9.0,9.0,9.0,9.0,9.0,9.0,9.0,9.0,9.0,9.0,9.0,9.0,,,,"rain_60d_coverage_58/60,rain_90d_coverage_82/90,wind_no_data_7d","host_pinus_uncinata,host_pinus_sylvestris",,,,
obs_20250516_0001,morchella_elata_complex,2025-05-16,present,abundant,5,spring,valid,include,1,42.26918055555556,1.51715,1802.5,nearest_station_single_source_daily,wunderground,ILAVAN3,Fórnols de Cadí (Cal Puchini),2.15,82,7,0.0,12.19,44.19,57.15,87.37,180.31,293.34,2.78,18.89,9.97,0.11,20.61,9.62,0.11,20.61,9.72,-0.5,20.61,9.23,2.78,18.89,9.97,9.0,9.0,9.0,9.0,9.0,9.0,9.0,9.0,9.0,9.0,9.0,9.0,9.0,9.0,9.0,,,,"rain_60d_coverage_58/60,rain_90d_coverage_82/90,wind_no_data_7d","host_pinus_uncinata,host_pinus_sylvestris",,,,
obs_20250516_0002,morchella_elata_complex,2025-05-16,present,abundant,5,spring,valid,include,1,42.26949722222222,1.5190249999999998,1823.2,nearest_station_single_source_daily,wunderground,ILAVAN3,Fórnols de Cadí (Cal Puchini),2.17,82,7,0.0,12.19,44.19,57.15,87.37,180.31,293.34,2.78,18.89,9.97,0.11,20.61,9.62,0.11,20.61,9.72,-0.5,20.61,9.23,2.78,18.89,9.97,9.0,9.0,9.0,9.0,9.0,9.0,9.0,9.0,9.0,9.0,9.0,9.0,9.0,9.0,9.0,,,,"rain_60d_coverage_58/60,rain_90d_coverage_82/90,wind_no_data_7d","host_pinus_uncinata,host_pinus_sylvestris",,,,
obs_20250429_0001,hygrophorus_marzuolus,2025-04-29,present,normal,4,spring,valid,include,1,42.34288055555556,1.926822222222222,1708.5,nearest_station_single_source_daily,meteoclimatic,ESCAT1700000017537A,La Molina,1.13,35,7,,27.7,44.7,52.9,52.9,143.9,152.5,0.0,13.3,6.92,0.0,13.3,7.04,0.0,16.4,7.48,0.0,16.4,6.54,0.0,13.3,6.92,37.0,97.0,73.5,37.0,97.0,75.2,37.0,97.0,73.86,31.0,97.0,67.91,37.0,97.0,73.5,,,,"rain_1d_coverage_0/1,rain_7d_coverage_3/7,rain_14d_coverage_5/14,rain_21d_coverage_7/21,rain_30d_coverage_11/30,rain_60d_coverage_24/60,rain_90d_coverage_35/90,wind_no_data_7d",,,,,
obs_20250507_0001,hygrophorus_marzuolus,2025-05-07,present,abundant,5,spring,valid,include,1,42.343291666666666,1.9268305555555554,1688.4,nearest_station_single_source_daily,meteoclimatic,ESCAT1700000017537A,La Molina,1.14,35,7,0.3,1.5,28.9,46.2,54.4,145.4,154.0,-1.3,13.1,5.25,-1.3,13.1,6.15,-1.3,13.3,6.53,-1.3,16.4,6.79,-1.3,13.1,5.25,40.0,96.0,67.25,40.0,97.0,72.0,37.0,97.0,72.93,37.0,97.0,70.05,40.0,96.0,67.25,,,,"rain_7d_coverage_2/7,rain_14d_coverage_4/14,rain_21d_coverage_7/21,rain_30d_coverage_10/30,rain_60d_coverage_26/60,rain_90d_coverage_35/90,wind_no_data_7d",,,,,
obs_20250423_0001,hygrophorus_marzuolus,2025-04-23,present,very_abundant,4,spring,valid,include,1,42.36761111111111,1.3193583333333334,1404.1,nearest_station_single_source_daily,wunderground,IMONTF44,Cal Peretó,5.35,80,7,1.27,65.52,126.48,132.32,138.16,272.74,326.83,0.72,17.89,9.06,0.72,19.0,10.35,0.72,21.72,11.07,0.72,21.72,10.43,0.72,17.89,9.06,29.0,96.0,68.86,29.0,96.0,70.14,24.0,96.0,65.64,24.0,96.0,65.65,29.0,96.0,68.86,,,,"rain_30d_coverage_26/30,rain_60d_coverage_50/60,rain_90d_coverage_80/90,wind_no_data_7d",,,,,
obs_20250415_0001,hygrophorus_marzuolus,2025-04-15,present,very_abundant,4,spring,valid,include,1,42.37016388888889,1.3196083333333333,1397.4,nearest_station_single_source_daily,wunderground,IMONTF44,Cal Peretó,5.45,80,7,11.43,55.63,67.31,67.31,119.88,212.56,260.81,5.39,21.72,12.7,3.5,21.72,12.03,3.5,21.72,11.33,-1.22,21.72,9.79,5.39,21.72,12.7,24.0,96.0,69.57,24.0,96.0,64.96,24.0,96.0,63.74,24.0,97.0,68.46,24.0,96.0,69.57,,,,"rain_21d_coverage_17/21,rain_30d_coverage_26/30,rain_60d_coverage_50/60,rain_90d_coverage_80/90,wind_no_data_7d",,,,,
obs_20250410_0001,hygrophorus_marzuolus,2025-04-10,present,very_abundant,4,spring,valid,include,1,42.39006666666667,1.2861083333333332,1709.6,nearest_station_single_source_daily,meteoclimatic,ESCAT2500000025566A,Rubió,5.54,38,7,,0.0,0.8,2.1,9.2,49.0,56.9,1.5,10.4,5.45,-4.5,10.4,3.34,-4.5,10.5,2.96,-7.0,10.5,2.02,1.5,10.4,5.45,25.0,88.0,56.0,25.0,95.0,67.9,25.0,99.0,73.85,25.0,99.0,79.59,25.0,88.0,56.0,,,,"rain_1d_coverage_0/1,rain_7d_coverage_3/7,rain_14d_coverage_5/14,rain_21d_coverage_10/21,rain_30d_coverage_16/30,rain_60d_coverage_25/60,rain_90d_coverage_38/90,wind_no_data_7d",,,,,
obs_20250403_0001,hygrophorus_marzuolus,2025-04-03,present,abundant,4,spring,valid,include,1,42.36963611111111,1.319786111111111,1403.1,nearest_station_single_source_daily,wunderground,IMONTF44,Cal Peretó,5.41,80,7,5.84,11.68,56.12,74.91,138.13,175.21,205.69,3.5,19.39,8.56,0.5,19.39,7.47,-3.0,19.39,6.49,-3.0,19.39,6.63,3.5,19.39,8.56,29.0,95.0,62.62,29.0,97.0,71.0,29.0,97.0,72.94,29.0,97.0,75.1,29.0,95.0,62.62,,,,"rain_7d_coverage_4/7,rain_14d_coverage_10/14,rain_21d_coverage_17/21,rain_30d_coverage_26/30,rain_60d_coverage_50/60,rain_90d_coverage_80/90,wind_no_data_7d",,,,,
obs_20250401_0001,hygrophorus_marzuolus,2025-04-01,present,abundant,4,spring,valid,include,1,42.3685,1.3215166666666667,1382.2,nearest_station_single_source_daily,wunderground,IMONTF44,Cal Peretó,5.23,80,7,0.0,0.0,47.74,78.97,126.45,163.53,194.01,4.39,19.39,8.08,0.5,19.39,7.54,-3.0,19.39,6.18,-3.0,19.39,6.6,4.39,19.39,8.08,29.0,81.0,58.0,29.0,97.0,73.25,29.0,97.0,74.06,29.0,97.0,74.87,29.0,81.0,58.0,,,,"rain_7d_coverage_3/7,rain_14d_coverage_10/14,rain_21d_coverage_17/21,rain_30d_coverage_26/30,rain_60d_coverage_50/60,rain_90d_coverage_80/90,wind_no_data_7d",,,,,
obs_20250401_0002,hygrophorus_marzuolus,2025-04-01,present,scarce,4,spring,valid,include,1,42.39173611111111,1.3065277777777777,1378.0,nearest_station_single_source_daily,meteoclimatic,ESCAT2500000025566A,Rubió,7.23,39,7,,0.8,9.0,9.2,39.1,49.8,57.9,-4.5,10.5,2.38,-4.5,10.5,2.49,-7.0,10.5,1.21,-7.0,10.5,1.15,-4.5,10.5,2.38,48.0,95.0,72.33,48.0,99.0,82.12,48.0,99.0,84.62,48.0,99.0,85.57,48.0,95.0,72.33,,,,"rain_1d_coverage_0/1,rain_7d_coverage_3/7,rain_14d_coverage_8/14,rain_21d_coverage_12/21,rain_30d_coverage_14/30,rain_60d_coverage_24/60,rain_90d_coverage_39/90,wind_no_data_7d",,,,,
obs_20250904_0001,boletus_aereus,2025-09-04,present,very_scarce,9,autumn,valid,include,1,42.067169444444446,1.9453972222222222,757.8,nearest_station_single_source_daily,wunderground,IOLVAN3,Sainlogic pro,1.31,90,7,0.0,4.57,22.85,93.2,95.74,244.07,271.25,10.28,28.72,19.16,10.28,33.11,20.63,10.28,37.72,21.75,10.28,37.72,22.88,10.28,28.72,19.16,33.0,96.0,68.71,33.0,96.0,69.36,18.0,97.0,66.74,18.0,97.0,65.13,33.0,96.0,68.71,,,,wind_no_data_7d,,,,,
obs_20260612_0001,morchella_elata_complex,2026-06-12,absent,absent,6,summer,valid,include,1,42.26918055555556,1.51715,1802.5,nearest_station_single_source_daily,wunderground,ILAVAN3,Fórnols de Cadí (Cal Puchini),2.15,90,7,0.0,0.25,11.93,11.93,32.0,153.9,168.12,8.11,26.22,16.69,8.11,26.22,17.01,8.11,29.11,17.93,-0.11,29.11,16.06,8.11,26.22,16.69,18.0,97.0,61.57,18.0,99.0,63.57,18.0,99.0,58.43,18.0,99.0,60.53,18.0,97.0,61.57,4.79,37.5,,,"host_pinus_uncinata,host_pinus_sylvestris",,,,
obs_20250904_0002,boletus_aereus,2025-09-04,present,normal,9,autumn,valid,include,1,42.027855555555554,1.7323055555555558,784.1,nearest_station_single_source_daily,meteoclimatic,ESCAT0800000008614A,L'Espunyola,3.97,53,7,,6.8,12.6,61.4,61.4,155.2,222.2,11.0,26.6,17.46,11.0,31.2,19.3,11.0,31.2,18.85,11.0,32.8,19.37,11.0,26.6,17.46,38.0,96.0,73.92,38.0,96.0,71.09,38.0,96.0,73.38,36.0,96.0,72.18,38.0,96.0,73.92,,,,"rain_1d_coverage_0/1,rain_7d_coverage_6/7,rain_14d_coverage_11/14,rain_21d_coverage_13/21,rain_30d_coverage_14/30,rain_60d_coverage_32/60,rain_90d_coverage_53/90,wind_no_data_7d",,,,,
obs_20250909_0001,boletus_pinophilus,2025-09-09,present,exceptional,9,autumn,valid,include,1,42.399375,1.2803222222222221,1717.8,nearest_station_single_source_daily,wunderground,IMONTF106,Era del mallador,3.91,42,7,39.37,42.93,107.45,148.85,240.55,240.55,240.55,8.78,27.22,17.76,7.22,27.22,16.83,7.22,28.5,17.39,7.22,34.5,19.33,8.78,27.22,17.76,34.0,93.0,67.29,30.0,98.0,68.96,29.0,98.0,68.12,15.0,98.0,62.17,34.0,93.0,67.29,,,,"rain_60d_coverage_42/60,rain_90d_coverage_42/90,wind_no_data_7d",host_pinus_uncinata,,,,
obs_20250913_0001,boletus_pinophilus,2025-09-13,present,normal,9,autumn,valid,include,1,42.349297222222226,1.9111583333333333,1694.9,nearest_station_single_source_daily,meteoclimatic,ESCAT1700000017537A,La Molina,2.59,53,7,,20.6,50.1,69.4,94.8,165.2,248.7,8.0,23.4,15.01,7.4,24.5,14.46,6.3,26.5,14.93,6.3,26.5,14.66,8.0,23.4,15.01,45.0,96.0,76.0,39.0,98.0,74.83,34.0,98.0,72.85,31.0,98.0,73.59,45.0,96.0,76.0,,,,"rain_1d_coverage_0/1,rain_7d_coverage_4/7,rain_14d_coverage_9/14,rain_21d_coverage_13/21,rain_30d_coverage_17/30,rain_60d_coverage_30/60,rain_90d_coverage_53/90,wind_no_data_7d",host_pinus_uncinata,,,,
obs_20250913_0002,lactarius_sanguifluus,2025-09-13,present,scarce,9,autumn,valid,include,1,42.349297222222226,1.9111583333333333,1694.9,nearest_station_single_source_daily,meteoclimatic,ESCAT1700000017537A,La Molina,2.59,53,7,,20.6,50.1,69.4,94.8,165.2,248.7,8.0,23.4,15.01,7.4,24.5,14.46,6.3,26.5,14.93,6.3,26.5,14.66,8.0,23.4,15.01,45.0,96.0,76.0,39.0,98.0,74.83,34.0,98.0,72.85,31.0,98.0,73.59,45.0,96.0,76.0,,,,"rain_1d_coverage_0/1,rain_7d_coverage_4/7,rain_14d_coverage_9/14,rain_21d_coverage_13/21,rain_30d_coverage_17/30,rain_60d_coverage_30/60,rain_90d_coverage_53/90,wind_no_data_7d",,,,,
obs_20250913_0003,cantharellus_cibarius_sl,2025-09-13,present,very_scarce,9,autumn,valid,include,1,42.349297222222226,1.9111583333333333,1694.9,nearest_station_single_source_daily,meteoclimatic,ESCAT1700000017537A,La Molina,2.59,53,7,,20.6,50.1,69.4,94.8,165.2,248.7,8.0,23.4,15.01,7.4,24.5,14.46,6.3,26.5,14.93,6.3,26.5,14.66,8.0,23.4,15.01,45.0,96.0,76.0,39.0,98.0,74.83,34.0,98.0,72.85,31.0,98.0,73.59,45.0,96.0,76.0,,,,"rain_1d_coverage_0/1,rain_7d_coverage_4/7,rain_14d_coverage_9/14,rain_21d_coverage_13/21,rain_30d_coverage_17/30,rain_60d_coverage_30/60,rain_90d_coverage_53/90,wind_no_data_7d",,,,,
obs_20250913_0004,amanita_caesarea,2025-09-13,present,very_scarce,9,autumn,valid,include,1,42.05838055555555,1.9239833333333332,597.9,nearest_station_single_source_daily,wunderground,IOLVAN2,wh3000se,1.17,90,7,41.15,90.94,91.45,111.77,164.86,264.68,345.2,12.0,29.78,20.24,11.78,30.0,20.68,11.78,33.5,21.19,11.78,37.89,22.18,12.0,29.78,20.24,50.0,99.0,79.21,34.0,99.0,74.64,34.0,99.0,74.1,20.0,99.0,71.17,50.0,99.0,79.21,,,,wind_no_data_7d,host_quercus_ilex,forest_holm_oak,soil_slightly_acidic,feature_open_warm_woodland,aspect_NW
obs_20250926_0001,boletus_aereus,2025-09-26,present,exceptional,9,autumn,valid,include,1,42.069205555555556,1.9479916666666668,769.6,nearest_station_single_source_daily,wunderground,IOLVAN3,Sainlogic pro,1.49,90,7,0.0,30.48,65.54,110.75,116.08,206.49,373.36,4.39,27.39,15.03,4.39,30.22,18.5,4.39,30.22,18.78,4.39,30.22,18.96,4.39,27.39,15.03,41.0,99.0,73.64,36.0,99.0,73.71,36.0,99.0,74.02,33.0,99.0,72.35,41.0,99.0,73.64,,,,wind_no_data_7d,,,,,
obs_20250926_0002,boletus_aereus,2025-09-26,present,exceptional,9,autumn,valid,include,1,42.013125,1.9712472222222224,625.8,nearest_station_single_source_daily,wunderground,ISANTA1715,Estació 1 Cal Costet,3.07,90,7,0.0,19.3,34.03,70.86,76.45,141.47,247.13,5.11,28.11,15.75,5.11,31.39,19.32,5.11,31.39,19.57,5.11,31.39,19.69,5.11,28.11,15.75,38.0,99.0,74.14,34.0,99.0,74.25,34.0,99.0,74.74,29.0,99.0,73.42,38.0,99.0,74.14,,,,wind_no_data_7d,,,,,
obs_20250926_0003,amanita_caesarea,2025-09-26,present,scarce,9,autumn,valid,include,1,42.013125,1.9712472222222224,625.8,nearest_station_single_source_daily,wunderground,ISANTA1715,Estació 1 Cal Costet,3.07,90,7,0.0,19.3,34.03,70.86,76.45,141.47,247.13,5.11,28.11,15.75,5.11,31.39,19.32,5.11,31.39,19.57,5.11,31.39,19.69,5.11,28.11,15.75,38.0,99.0,74.14,34.0,99.0,74.25,34.0,99.0,74.74,29.0,99.0,73.42,38.0,99.0,74.14,,,,wind_no_data_7d,host_quercus_ilex,forest_holm_oak,soil_slightly_acidic,feature_open_warm_woodland,aspect_S
obs_20250930_0001,amanita_caesarea,2025-09-30,present,abundant,9,autumn,valid,include,1,41.99709444444444,1.9357194444444445,596.8,nearest_station_single_source_daily,wunderground,IPUIGR13,CEDINSA PUIGREIG,5.59,90,7,0.0,0.0,14.22,54.35,69.33,147.81,310.36,6.11,26.11,17.04,6.11,31.94,18.87,6.11,38.94,20.19,6.11,38.94,20.63,6.11,26.11,17.04,31.0,99.0,69.79,28.0,99.0,70.21,28.0,99.0,71.95,22.0,99.0,71.02,31.0,99.0,69.79,,,,"rain_suspect_daily_20250807_746.25mm,rain_suspect_daily_20250825_1178.56mm,rain_60d_coverage_58/60,rain_90d_coverage_88/90,wind_no_data_7d",host_quercus_ilex,"forest_holm_oak,forest_mediterranean_oak","soil_acidic,soil_slightly_acidic",feature_open_warm_woodland,aspect_N
obs_20250930_0002,boletus_aereus,2025-09-30,present,very_abundant,9,autumn,valid,include,1,41.99709444444444,1.9357194444444445,596.8,nearest_station_single_source_daily,wunderground,IPUIGR13,CEDINSA PUIGREIG,5.59,90,7,0.0,0.0,14.22,54.35,69.33,147.81,310.36,6.11,26.11,17.04,6.11,31.94,18.87,6.11,38.94,20.19,6.11,38.94,20.63,6.11,26.11,17.04,31.0,99.0,69.79,28.0,99.0,70.21,28.0,99.0,71.95,22.0,99.0,71.02,31.0,99.0,69.79,,,,"rain_suspect_daily_20250807_746.25mm,rain_suspect_daily_20250825_1178.56mm,rain_60d_coverage_58/60,rain_90d_coverage_88/90,wind_no_data_7d","host_quercus_ilex,host_pinus_sylvestris",,,,
obs_20250930_0003,amanita_caesarea,2025-09-30,present,normal,9,autumn,valid,include,1,42.01298888888889,1.9707055555555557,624.8,nearest_station_single_source_daily,wunderground,ISANTA1715,Estació 1 Cal Costet,3.1,90,7,0.0,0.0,19.3,35.81,76.45,141.47,221.23,5.11,25.56,16.14,5.11,31.39,18.03,5.11,31.39,19.0,5.11,31.39,19.42,5.11,25.56,16.14,38.0,99.0,71.43,34.0,99.0,72.61,34.0,99.0,74.17,29.0,99.0,73.57,38.0,99.0,71.43,,,,wind_no_data_7d,host_quercus_ilex,forest_holm_oak,"soil_acidic,soil_slightly_acidic",feature_open_warm_woodland,aspect_S
obs_20250930_0004,boletus_aereus,2025-09-30,present,abundant,9,autumn,valid,include,1,42.01298888888889,1.9707055555555557,624.8,nearest_station_single_source_daily,wunderground,ISANTA1715,Estació 1 Cal Costet,3.1,90,7,0.0,0.0,19.3,35.81,76.45,141.47,221.23,5.11,25.56,16.14,5.11,31.39,18.03,5.11,31.39,19.0,5.11,31.39,19.42,5.11,25.56,16.14,38.0,99.0,71.43,34.0,99.0,72.61,34.0,99.0,74.17,29.0,99.0,73.57,38.0,99.0,71.43,,,,wind_no_data_7d,,,,,
obs_20251023_0001,boletus_aereus,2025-10-23,present,very_scarce,10,autumn,valid,include,1,42.06990833333334,1.9480444444444445,769.8,nearest_station_single_source_daily,wunderground,IOLVAN3,Sainlogic pro,1.49,90,7,0.0,3.81,35.31,36.07,36.07,169.67,242.81,7.0,23.28,15.63,7.0,23.5,16.01,6.72,25.61,16.23,4.39,25.61,16.16,7.0,23.28,15.63,28.0,98.0,75.21,28.0,98.0,75.11,28.0,98.0,73.62,28.0,98.0,72.72,28.0,98.0,75.21,,,,wind_no_data_7d,"host_quercus_ilex,host_pinus_sylvestris",,,,
obs_20251023_0002,cantharellus_cibarius_sl,2025-10-23,present,normal,10,autumn,valid,include,1,42.06990833333334,1.9480444444444445,769.8,nearest_station_single_source_daily,wunderground,IOLVAN3,Sainlogic pro,1.49,90,7,0.0,3.81,35.31,36.07,36.07,169.67,242.81,7.0,23.28,15.63,7.0,23.5,16.01,6.72,25.61,16.23,4.39,25.61,16.16,7.0,23.28,15.63,28.0,98.0,75.21,28.0,98.0,75.11,28.0,98.0,73.62,28.0,98.0,72.72,28.0,98.0,75.21,,,,wind_no_data_7d,,,,,
obs_20251023_0003,lactarius_sanguifluus,2025-10-23,present,very_scarce,10,autumn,valid,include,1,42.06990833333334,1.9480444444444445,769.8,nearest_station_single_source_daily,wunderground,IOLVAN3,Sainlogic pro,1.49,90,7,0.0,3.81,35.31,36.07,36.07,169.67,242.81,7.0,23.28,15.63,7.0,23.5,16.01,6.72,25.61,16.23,4.39,25.61,16.16,7.0,23.28,15.63,28.0,98.0,75.21,28.0,98.0,75.11,28.0,98.0,73.62,28.0,98.0,72.72,28.0,98.0,75.21,,,,wind_no_data_7d,,,,,
obs_20250725_0002,boletus_aereus,2025-07-25,absent,absent,7,summer,valid,include,1,42.05962777777778,1.9291222222222222,638.1,nearest_station_single_source_daily,wunderground,IOLVAN3,Sainlogic pro,1.16,90,7,0.76,73.65,131.82,150.62,166.62,178.56,270.25,11.11,30.89,21.24,11.11,33.22,22.34,11.11,33.22,22.38,11.11,37.78,23.39,11.11,30.89,21.24,31.0,98.0,71.93,31.0,98.0,70.18,31.0,98.0,69.74,24.0,98.0,66.13,31.0,98.0,71.93,,,,wind_no_data_7d,host_quercus_ilex,,,,
obs_20250727_0001,boletus_aereus,2025-07-27,present,scarce,7,summer,valid,include,1,42.05962777777778,1.9291222222222222,638.1,nearest_station_single_source_daily,wunderground,IOLVAN3,Sainlogic pro,1.16,90,7,0.0,66.03,74.41,148.33,166.87,178.81,270.25,11.11,29.11,19.77,11.11,33.22,22.35,11.11,33.22,22.06,11.11,37.78,23.06,11.11,29.11,19.77,31.0,98.0,72.29,31.0,98.0,69.36,31.0,98.0,70.02,24.0,98.0,67.15,31.0,98.0,72.29,,,,wind_no_data_7d,,,,,
obs_20260617_0001,morchella_elata_complex,2026-06-17,absent,absent,6,summer,valid,include,1,42.26918055555556,1.51715,1802.5,nearest_station_single_source_daily,wunderground,ILAVAN3,Fórnols de Cadí (Cal Puchini),2.15,90,7,0.0,1.77,12.43,13.7,15.48,155.67,169.89,8.11,27.78,18.93,8.11,27.78,17.52,8.11,29.11,18.07,7.89,29.11,18.06,8.11,27.78,18.93,18.0,90.0,51.07,18.0,99.0,59.71,18.0,99.0,59.0,18.0,99.0,57.75,18.0,90.0,51.07,4.07,45.7,,,"host_pinus_uncinata,host_pinus_sylvestris",,,,
obs_20260703_0001,boletus_pinophilus,2026-07-03,present,scarce,7,summer,valid,include,1,42.45971666666667,1.807325,2233.2,nearest_station_single_source_daily,wunderground,IMERAN22,CAL MORROCOY,1.79,60,7,,0.0,12.45,50.81,62.5,107.46,134.38,12.89,31.11,21.03,12.5,32.78,22.0,7.5,32.78,20.75,4.28,32.78,18.99,12.89,31.11,21.03,25.0,74.0,53.0,23.0,99.0,51.75,18.0,99.0,53.06,18.0,99.0,56.88,25.0,74.0,53.0,5.37,19.0,,"rain_1d_coverage_0/1,rain_7d_coverage_3/7,rain_14d_coverage_10/14,rain_21d_coverage_17/21,rain_30d_coverage_26/30,rain_60d_coverage_56/60,rain_90d_coverage_60/90","host_pinus_uncinata,host_pinus_sylvestris","forest_montane_pine,forest_subalpine_pine","soil_acidic,soil_siliceous","feature_mature_forest,feature_needle_litter",aspect_N
obs_20260703_0002,boletus_pinophilus,2026-07-03,present,scarce,7,summer,valid,include,1,42.45733333333334,1.8081,2238.0,nearest_station_single_source_daily,wunderground,IMERAN22,CAL MORROCOY,1.69,60,7,,0.0,12.45,50.81,62.5,107.46,134.38,12.89,31.11,21.03,12.5,32.78,22.0,7.5,32.78,20.75,4.28,32.78,18.99,12.89,31.11,21.03,25.0,74.0,53.0,23.0,99.0,51.75,18.0,99.0,53.06,18.0,99.0,56.88,25.0,74.0,53.0,5.37,19.0,,"rain_1d_coverage_0/1,rain_7d_coverage_3/7,rain_14d_coverage_10/14,rain_21d_coverage_17/21,rain_30d_coverage_26/30,rain_60d_coverage_56/60,rain_90d_coverage_60/90","host_pinus_uncinata,host_pinus_sylvestris","forest_montane_pine,forest_subalpine_pine","soil_acidic,soil_siliceous","feature_mature_forest,feature_needle_litter",aspect_N
obs_20260703_0003,boletus_pinophilus,2026-07-03,present,scarce,7,summer,valid,include,1,42.459161111111115,1.8084194444444446,2231.5,nearest_station_single_source_daily,wunderground,IMERAN22,CAL MORROCOY,1.82,60,7,,0.0,12.45,50.81,62.5,107.46,134.38,12.89,31.11,21.03,12.5,32.78,22.0,7.5,32.78,20.75,4.28,32.78,18.99,12.89,31.11,21.03,25.0,74.0,53.0,23.0,99.0,51.75,18.0,99.0,53.06,18.0,99.0,56.88,25.0,74.0,53.0,5.37,19.0,,"rain_1d_coverage_0/1,rain_7d_coverage_3/7,rain_14d_coverage_10/14,rain_21d_coverage_17/21,rain_30d_coverage_26/30,rain_60d_coverage_56/60,rain_90d_coverage_60/90","host_pinus_uncinata,host_pinus_sylvestris","forest_montane_pine,forest_subalpine_pine","soil_acidic,soil_siliceous","feature_mature_forest,feature_needle_litter",aspect_N
obs_20260703_0004,boletus_pinophilus,2026-07-03,present,scarce,7,summer,valid,include,1,42.459788888888895,1.8082305555555556,2227.8,nearest_station_single_source_daily,wunderground,IMERAN22,CAL MORROCOY,1.85,60,7,,0.0,12.45,50.81,62.5,107.46,134.38,12.89,31.11,21.03,12.5,32.78,22.0,7.5,32.78,20.75,4.28,32.78,18.99,12.89,31.11,21.03,25.0,74.0,53.0,23.0,99.0,51.75,18.0,99.0,53.06,18.0,99.0,56.88,25.0,74.0,53.0,5.37,19.0,,"rain_1d_coverage_0/1,rain_7d_coverage_3/7,rain_14d_coverage_10/14,rain_21d_coverage_17/21,rain_30d_coverage_26/30,rain_60d_coverage_56/60,rain_90d_coverage_60/90","host_pinus_uncinata,host_pinus_sylvestris",,soil_acidic,feature_needle_litter,aspect_N
