point,date,rain_idw_mm,simple_pct,regulated_pct,ssf_raw,data_mask,swi_t2,qflag_t2_raw,swi_t5,qflag_t5_raw,swi_t10,qflag_t10_raw,swi_t15,qflag_t15_raw,swi_t20,qflag_t20_raw,swi_t40,qflag_t40_raw,swi_t60,qflag_t60_raw,swi_t100,qflag_t100_raw,rain_measured_mm,VWC_005,VWC_020,VWC_050,observations_count
Urus,2026-07-21,0.0,0.0,1.179,255.0,0.0,,255.0,,255.0,,255.0,,255.0,,255.0,,255.0,,255.0,,255.0,,,,,
Urus,2026-07-22,0.0,0.0,0.938,255.0,0.0,,255.0,,255.0,,255.0,,255.0,,255.0,,255.0,,255.0,,255.0,,,,,
Urus,2026-07-23,3.3714245553044444,0.0,7.863,255.0,0.0,,255.0,,255.0,,255.0,,255.0,,255.0,,255.0,,255.0,,255.0,,,,,
Urus,2026-07-24,0.004198964443375906,0.0,6.36,255.0,0.0,,255.0,,255.0,,255.0,,255.0,,255.0,,255.0,,255.0,,255.0,,,,,
Urus,2026-07-25,0.0,0.0,5.269,255.0,0.0,,255.0,,255.0,,255.0,,255.0,,255.0,,255.0,,255.0,,255.0,,,,,
Urus,2026-07-26,0.0,0.0,4.494,255.0,0.0,,255.0,,255.0,,255.0,,255.0,,255.0,,255.0,,255.0,,255.0,,,,,
Urus,2026-07-27,0.0,0.0,3.713,255.0,0.0,,255.0,,255.0,,255.0,,255.0,,255.0,,255.0,,255.0,,255.0,,,,,
Urus,2026-07-28,0.0,0.0,3.029,255.0,0.0,,255.0,,255.0,,255.0,,255.0,,255.0,,255.0,,255.0,,255.0,,,,,
Urus,2026-07-29,0.0,0.0,2.462,255.0,0.0,,255.0,,255.0,,255.0,,255.0,,255.0,,255.0,,255.0,,255.0,,,,,
Urus,2026-07-30,0.0,0.0,1.943,255.0,0.0,,255.0,,255.0,,255.0,,255.0,,255.0,,255.0,,255.0,,255.0,,,,,
Urus,2026-07-31,0.48927128395652897,0.0,2.629,255.0,0.0,,255.0,,255.0,,255.0,,255.0,,255.0,,255.0,,255.0,,255.0,,,,,
Urus,2026-08-01,2.9841118638218256,0.0,8.598,255.0,0.0,,255.0,,255.0,,255.0,,255.0,,255.0,,255.0,,255.0,,255.0,,,,,
Urus,2026-08-02,0.06011939519162339,0.0,7.153,255.0,0.0,,255.0,,255.0,,255.0,,255.0,,255.0,,255.0,,255.0,,255.0,,,,,
Urus,2026-08-03,10.351922238800853,13.91,28.382,255.0,0.0,,255.0,,255.0,,255.0,,255.0,,255.0,,255.0,,255.0,,255.0,,,,,
Urus,2026-08-04,0.22340010091251578,1.521,24.018,255.0,0.0,,255.0,,255.0,,255.0,,255.0,,255.0,,255.0,,255.0,,255.0,,,,,
Urus,2026-08-05,0.0,0.0,20.106,255.0,0.0,,255.0,,255.0,,255.0,,255.0,,255.0,,255.0,,255.0,,255.0,,,,,
Urus,2026-08-06,17.409405944483805,33.239,56.29,255.0,0.0,,255.0,,255.0,,255.0,,255.0,,255.0,,255.0,,255.0,,255.0,,,,,
Urus,2026-08-07,13.41323067366738,55.542,80.003,255.0,0.0,,255.0,,255.0,,255.0,,255.0,,255.0,,255.0,,255.0,,255.0,,,,,
Urus,2026-08-08,10.91300935702727,71.37,88.401,255.0,0.0,,255.0,,255.0,,255.0,,255.0,,255.0,,255.0,,255.0,,255.0,,,,,
Urus,2026-08-09,2.038837176710905,64.326,82.517,255.0,0.0,,255.0,,255.0,,255.0,,255.0,,255.0,,255.0,,255.0,,255.0,,,,,
Urus,2026-08-10,0.8185518779046155,54.894,74.481,255.0,0.0,,255.0,,255.0,,255.0,,255.0,,255.0,,255.0,,255.0,,255.0,,,,,
Urus,2026-08-11,16.70032520338209,86.474,88.525,255.0,0.0,,255.0,,255.0,,255.0,,255.0,,255.0,,255.0,,255.0,,255.0,,,,,
Urus,2026-08-12,0.04731271296547185,74.814,79.047,255.0,0.0,,255.0,,255.0,,255.0,,255.0,,255.0,,255.0,,255.0,,255.0,,,,,
Urus,2026-08-13,0.2470709291841763,62.955,69.827,255.0,0.0,,255.0,,255.0,,255.0,,255.0,,255.0,,255.0,,255.0,,255.0,,,,,
Urus,2026-08-14,7.536626471960074,69.531,78.383,255.0,0.0,,255.0,,255.0,,255.0,,255.0,,255.0,,255.0,,255.0,,255.0,,,,,
Urus,2026-08-15,17.195824529043,100.0,90.431,255.0,0.0,,255.0,,255.0,,255.0,,255.0,,255.0,,255.0,,255.0,,255.0,,,,,
Urus,2026-08-16,13.044502829267563,100.0,91.473,255.0,0.0,,255.0,,255.0,,255.0,,255.0,,255.0,,255.0,,255.0,,255.0,,,,,
Urus,2026-08-17,0.05687794207826842,89.665,82.476,255.0,0.0,,255.0,,255.0,,255.0,,255.0,,255.0,,255.0,,255.0,,255.0,,,,,
Urus,2026-08-18,0.0027618133902376127,79.188,73.854,255.0,0.0,,255.0,,255.0,,255.0,,255.0,,255.0,,255.0,,255.0,,255.0,,,,,
Urus,2026-08-19,0.0,67.404,64.016,255.0,0.0,,255.0,,255.0,,255.0,,255.0,,255.0,,255.0,,255.0,,255.0,,,,,
Urus,2026-08-20,1.2412909738211138,62.319,60.256,255.0,0.0,,255.0,,255.0,,255.0,,255.0,,255.0,,255.0,,255.0,,255.0,,,,,
Urus,2026-08-21,1.4468040315449688,58.675,58.452,255.0,0.0,,255.0,,255.0,,255.0,,255.0,,255.0,,255.0,,255.0,,255.0,,,,,
Urus,2026-08-22,0.01635507063441462,50.884,53.062,255.0,0.0,,255.0,,255.0,,255.0,,255.0,,255.0,,255.0,,255.0,,255.0,,,,,
Urus,2026-08-23,0.029854393306735203,41.447,46.779,255.0,0.0,,255.0,,255.0,,255.0,,255.0,,255.0,,255.0,,255.0,,255.0,,,,,
Urus,2026-08-24,18.148537587433385,80.703,87.161,255.0,0.0,,255.0,,255.0,,255.0,,255.0,,255.0,,255.0,,255.0,,255.0,,,,,
Urus,2026-08-25,0.04722976753046718,72.288,79.869,255.0,0.0,,255.0,,255.0,,255.0,,255.0,,255.0,,255.0,,255.0,,255.0,,,,,
Urus,2026-08-26,0.005716017893586928,63.278,72.431,255.0,0.0,,255.0,,255.0,,255.0,,255.0,,255.0,,255.0,,255.0,,255.0,,,,,
Urus,2026-08-27,0.006048540696212627,54.088,65.124,255.0,0.0,,255.0,,255.0,,255.0,,255.0,,255.0,,255.0,,255.0,,255.0,,,,,
Urus,2026-08-28,0.004013003767679297,46.373,58.098,255.0,0.0,,255.0,,255.0,,255.0,,255.0,,255.0,,255.0,,255.0,,255.0,,,,,
Urus,2026-08-29,0.0,37.124,51.126,255.0,0.0,,255.0,,255.0,,255.0,,255.0,,255.0,,255.0,,255.0,,255.0,,,,,
Urus,2026-08-30,0.0,27.722,44.751,255.0,0.0,,255.0,,255.0,,255.0,,255.0,,255.0,,255.0,,255.0,,255.0,,,,,
Urus,2026-08-31,0.0,18.547,39.267,255.0,0.0,,255.0,,255.0,,255.0,,255.0,,255.0,,255.0,,255.0,,255.0,,,,,
Urus,2026-09-01,0.0,9.772,34.761,255.0,0.0,,255.0,,255.0,,255.0,,255.0,,255.0,,255.0,,255.0,,255.0,,,,,
Urus,2026-09-02,0.0,0.0,30.281,255.0,0.0,,255.0,,255.0,,255.0,,255.0,,255.0,,255.0,,255.0,,255.0,,,,,
Urus,2026-09-03,0.0,0.0,25.831,255.0,0.0,,255.0,,255.0,,255.0,,255.0,,255.0,,255.0,,255.0,,255.0,,,,,
Urus,2026-09-04,0.0,0.0,22.09,255.0,0.0,,255.0,,255.0,,255.0,,255.0,,255.0,,255.0,,255.0,,255.0,,,,,
Urus,2026-09-05,0.0,0.0,18.672,255.0,0.0,,255.0,,255.0,,255.0,,255.0,,255.0,,255.0,,255.0,,255.0,,,,,
Urus,2026-09-06,0.0,0.0,15.778,255.0,0.0,,255.0,,255.0,,255.0,,255.0,,255.0,,255.0,,255.0,,255.0,,,,,
Urus,2026-09-07,0.0,0.0,13.445,255.0,0.0,,255.0,,255.0,,255.0,,255.0,,255.0,,255.0,,255.0,,255.0,,,,,
Urus,2026-09-08,0.46029502932504585,0.0,12.579,255.0,0.0,,255.0,,255.0,,255.0,,255.0,,255.0,,255.0,,255.0,,255.0,,,,,
Urus,2026-09-09,9.409121258891254,18.91,34.334,255.0,0.0,,255.0,,255.0,,255.0,,255.0,,255.0,,255.0,,255.0,,255.0,,,,,
Urus,2026-09-10,0.019330262217980215,11.065,30.545,255.0,0.0,,255.0,,255.0,,255.0,,255.0,,255.0,,255.0,,255.0,,255.0,,,,,
Urus,2026-09-11,0.014588104453450258,2.524,26.887,255.0,0.0,,255.0,,255.0,,255.0,,255.0,,255.0,,255.0,,255.0,,255.0,,,,,
Urus,2026-09-12,0.003771297966848406,0.0,23.926,255.0,0.0,,255.0,,255.0,,255.0,,255.0,,255.0,,255.0,,255.0,,255.0,,,,,
Urus,2026-09-13,0.022242274945540867,0.0,21.086,255.0,0.0,,255.0,,255.0,,255.0,,255.0,,255.0,,255.0,,255.0,,255.0,,,,,
Urus,2026-09-14,0.009193998593109268,0.0,18.307,255.0,0.0,,255.0,,255.0,,255.0,,255.0,,255.0,,255.0,,255.0,,255.0,,,,,
Urus,2026-09-15,0.0,0.0,15.916,255.0,0.0,,255.0,,255.0,,255.0,,255.0,,255.0,,255.0,,255.0,,255.0,,,,,
Urus,2026-09-16,0.08381827581448538,0.0,14.468,255.0,0.0,,255.0,,255.0,,255.0,,255.0,,255.0,,255.0,,255.0,,255.0,,,,,
Urus,2026-09-17,0.5260226554147519,0.0,14.484,255.0,0.0,,255.0,,255.0,,255.0,,255.0,,255.0,,255.0,,255.0,,255.0,,,,,
Urus,2026-09-18,0.004053383088512442,0.0,13.187,255.0,0.0,,255.0,,255.0,,255.0,,255.0,,255.0,,255.0,,255.0,,255.0,,,,,
Vallcebre,2026-07-21,0.0,0.0,1.715,2.0,1.0,50.5,194.0,50.5,198.0,52.5,199.0,54.0,199.0,55.0,199.0,57.0,200.0,58.0,200.0,58.0,200.0,,,,,
Vallcebre,2026-07-22,0.0,0.0,1.387,2.0,1.0,47.5,193.0,49.0,197.0,51.5,199.0,53.0,199.0,54.5,199.0,57.0,200.0,58.0,200.0,57.5,200.0,,,,,
Vallcebre,2026-07-23,0.10896955364040144,0.0,1.305,2.0,1.0,46.5,142.0,48.5,174.0,51.0,187.0,53.0,191.0,54.0,193.0,56.5,197.0,57.5,198.0,57.5,199.0,,,,,
Vallcebre,2026-07-24,0.0,0.0,1.067,2.0,1.0,52.0,190.0,50.0,196.0,51.5,198.0,53.0,199.0,54.0,199.0,57.0,200.0,57.5,200.0,57.5,200.0,,,,,
Vallcebre,2026-07-25,0.0,0.0,0.886,2.0,1.0,45.0,189.0,47.0,195.0,50.0,198.0,52.0,198.0,53.0,199.0,56.0,199.0,57.0,200.0,57.5,200.0,,,,,
Vallcebre,2026-07-26,0.0,0.0,0.76,2.0,1.0,38.5,191.0,44.5,196.0,48.5,198.0,51.0,199.0,52.5,199.0,55.5,199.0,57.0,200.0,57.0,200.0,,,,,
Vallcebre,2026-07-27,0.0,0.0,0.637,2.0,1.0,29.5,193.0,38.0,197.0,44.5,199.0,48.0,199.0,50.0,199.0,54.0,200.0,56.0,200.0,56.5,200.0,,,,,
Vallcebre,2026-07-28,0.0,0.0,0.522,2.0,1.0,32.0,142.0,38.5,174.0,44.5,187.0,48.0,191.0,50.0,193.0,54.0,197.0,55.5,198.0,56.5,199.0,,,,,
Vallcebre,2026-07-29,0.0,0.0,0.425,2.0,1.0,34.5,190.0,38.5,196.0,44.0,198.0,47.5,199.0,49.5,199.0,54.0,199.0,55.5,200.0,56.0,200.0,,,,,
Vallcebre,2026-07-30,0.0,0.0,0.342,2.0,1.0,48.5,189.0,43.5,195.0,46.0,198.0,48.5,198.0,50.0,199.0,54.0,199.0,55.5,200.0,56.0,200.0,,,,,
Vallcebre,2026-07-31,0.14995231486200788,0.0,0.539,2.0,1.0,52.5,194.0,46.5,198.0,47.0,199.0,49.0,199.0,50.5,199.0,54.0,200.0,55.5,200.0,56.0,200.0,,,,,
Vallcebre,2026-08-01,1.585963944886182,0.0,3.194,2.0,1.0,45.0,193.0,44.0,197.0,46.0,198.0,48.0,199.0,49.5,199.0,53.5,200.0,55.0,200.0,56.0,200.0,,,,,
Vallcebre,2026-08-02,0.514502574006433,0.0,3.51,2.0,1.0,48.5,148.0,46.5,177.0,46.5,188.0,48.5,192.0,50.0,194.0,53.5,197.0,55.0,198.0,56.0,199.0,,,,,
Vallcebre,2026-08-03,15.516691011568767,20.059,29.967,2.0,1.0,49.0,190.0,47.0,196.0,47.0,198.0,48.5,199.0,50.0,199.0,53.5,199.0,55.0,200.0,56.0,200.0,,,,,
Vallcebre,2026-08-04,0.1552974616660047,7.669,25.345,2.0,1.0,55.5,188.0,50.0,195.0,48.5,198.0,49.5,198.0,50.5,199.0,54.0,199.0,55.0,200.0,56.0,200.0,,,,,
Vallcebre,2026-08-05,0.0,0.0,21.173,2.0,1.0,56.0,194.0,51.0,197.0,49.5,199.0,50.0,199.0,51.0,199.0,54.0,200.0,55.0,200.0,56.0,200.0,,,,,
Vallcebre,2026-08-06,9.318968799813769,7.909,34.405,2.0,1.0,55.5,192.0,52.0,197.0,50.0,198.0,50.5,199.0,51.0,199.0,54.0,200.0,55.0,200.0,56.0,200.0,,,,,
Vallcebre,2026-08-07,18.74182726778216,34.67,63.679,2.0,1.0,61.5,148.0,55.5,177.0,52.0,188.0,51.5,192.0,52.0,194.0,54.5,197.0,55.5,198.0,56.0,199.0,,,,,
Vallcebre,2026-08-08,8.96069680581356,41.206,72.181,2.0,1.0,71.5,190.0,61.5,196.0,56.0,198.0,54.5,199.0,54.0,199.0,55.5,199.0,56.0,200.0,56.5,200.0,,,,,
Vallcebre,2026-08-09,1.672848326879692,32.783,65.736,2.0,1.0,74.0,187.0,63.0,195.0,57.0,197.0,55.0,198.0,54.5,199.0,55.5,199.0,56.5,200.0,56.5,200.0,,,,,
Vallcebre,2026-08-10,0.822265202839344,23.282,58.839,2.0,1.0,74.0,193.0,65.5,197.0,58.5,199.0,56.5,199.0,55.5,199.0,56.0,200.0,56.5,200.0,57.0,200.0,,,,,
Vallcebre,2026-08-11,6.657976172990427,25.657,62.729,2.0,1.0,70.0,190.0,64.5,196.0,59.0,198.0,57.0,199.0,56.0,199.0,56.5,200.0,56.5,200.0,57.0,200.0,,,,,
Vallcebre,2026-08-12,0.25055849454995177,14.146,54.837,2.0,1.0,76.5,176.0,69.0,190.0,61.5,195.0,59.0,197.0,57.5,198.0,57.0,199.0,57.5,199.0,57.5,200.0,,,,,
Vallcebre,2026-08-13,0.6593162048363829,3.744,47.74,2.0,1.0,75.0,189.0,70.0,196.0,63.0,198.0,59.5,199.0,58.5,199.0,57.5,199.0,57.5,200.0,57.5,200.0,,,,,
Vallcebre,2026-08-14,4.031353597668269,0.0,46.129,2.0,1.0,73.0,186.0,69.5,194.0,63.0,197.0,60.0,198.0,58.5,199.0,57.5,199.0,58.0,200.0,57.5,200.0,,,,,
Vallcebre,2026-08-15,21.125742493589794,33.746,80.738,2.0,1.0,75.0,193.0,71.5,197.0,65.5,199.0,62.0,199.0,60.5,199.0,58.5,200.0,58.5,200.0,58.0,200.0,,,,,
Vallcebre,2026-08-16,14.655794235876458,54.89,91.735,2.0,1.0,78.5,190.0,74.0,196.0,67.5,198.0,63.5,199.0,61.5,199.0,59.5,200.0,59.0,200.0,58.5,200.0,,,,,
Vallcebre,2026-08-17,0.08768032410067761,44.999,83.78,2.0,1.0,80.5,147.0,75.5,177.0,68.5,188.0,64.5,192.0,62.5,194.0,59.5,197.0,59.5,198.0,58.5,199.0,,,,,
Vallcebre,2026-08-18,0.06538924977147904,35.42,76.231,2.0,1.0,77.5,189.0,75.0,196.0,69.0,198.0,65.5,199.0,63.0,199.0,60.0,199.0,59.5,200.0,59.0,200.0,,,,,
Vallcebre,2026-08-19,0.0,24.039,67.449,2.0,1.0,77.5,194.0,75.5,198.0,69.5,199.0,66.0,199.0,63.5,199.0,60.5,200.0,60.0,200.0,59.0,200.0,,,,,
Vallcebre,2026-08-20,0.8930564504564644,17.314,62.516,2.0,1.0,63.5,193.0,69.0,197.0,67.0,199.0,64.5,199.0,62.5,199.0,60.0,200.0,59.5,200.0,59.0,200.0,,,,,
Vallcebre,2026-08-21,1.0176866599154126,11.706,58.955,2.0,1.0,65.5,142.0,70.0,174.0,67.5,187.0,64.5,191.0,63.0,193.0,60.5,197.0,60.0,198.0,59.0,199.0,,,,,
Vallcebre,2026-08-22,0.04702451496201192,4.38,54.167,2.0,1.0,57.0,190.0,65.0,196.0,65.5,198.0,63.5,199.0,62.0,199.0,60.0,200.0,59.5,200.0,59.0,200.0,,,,,
Vallcebre,2026-08-23,0.25728078981764374,0.0,48.561,2.0,1.0,56.5,189.0,63.0,195.0,64.0,198.0,62.5,198.0,61.5,199.0,60.0,199.0,59.5,200.0,59.0,200.0,,,,,
Vallcebre,2026-08-24,14.015574164135634,21.08,71.705,2.0,1.0,53.0,194.0,61.0,198.0,63.0,199.0,62.0,199.0,61.0,199.0,59.5,200.0,59.0,200.0,58.5,200.0,,,,,
Vallcebre,2026-08-25,0.08375423752414475,12.16,65.14,2.0,1.0,69.5,193.0,67.0,197.0,66.0,199.0,64.0,199.0,62.5,199.0,60.5,200.0,60.0,200.0,59.0,200.0,,,,,
Vallcebre,2026-08-26,0.06575945189452037,3.799,59.011,2.0,1.0,66.5,142.0,66.0,174.0,65.5,187.0,64.0,191.0,62.5,193.0,60.5,197.0,60.0,198.0,59.0,199.0,,,,,
Vallcebre,2026-08-27,0.008186422705011548,0.0,51.784,2.0,1.0,64.0,190.0,65.0,196.0,65.0,198.0,64.0,199.0,62.5,199.0,60.5,199.0,60.0,200.0,59.0,200.0,,,,,
Vallcebre,2026-08-28,0.0037012206107500177,0.0,46.031,2.0,1.0,60.0,189.0,63.0,195.0,64.0,198.0,63.5,198.0,62.0,199.0,60.5,199.0,60.0,200.0,59.0,200.0,,,,,
Vallcebre,2026-08-29,0.0,0.0,40.561,2.0,1.0,47.5,194.0,57.0,198.0,61.0,199.0,61.0,199.0,60.5,199.0,59.5,200.0,59.5,200.0,59.0,200.0,,,,,
Vallcebre,2026-08-30,0.0,0.0,35.476,2.0,1.0,43.5,193.0,52.5,197.0,57.5,198.0,59.0,199.0,59.0,199.0,59.0,200.0,59.0,200.0,58.5,200.0,,,,,
Vallcebre,2026-08-31,0.0,0.0,31.284,2.0,1.0,47.5,148.0,52.5,177.0,57.5,188.0,58.5,192.0,58.5,194.0,58.5,197.0,58.5,198.0,58.5,199.0,,,,,
Vallcebre,2026-09-01,0.0,0.0,28.2,2.0,1.0,40.5,190.0,48.0,196.0,54.5,198.0,56.5,199.0,57.0,199.0,57.5,199.0,58.0,200.0,58.0,200.0,,,,,
Vallcebre,2026-09-02,0.0,0.0,24.874,2.0,1.0,47.0,188.0,50.0,195.0,54.5,198.0,56.5,198.0,57.0,199.0,58.0,199.0,58.0,200.0,58.0,200.0,,,,,
Vallcebre,2026-09-03,0.0,0.0,21.849,2.0,1.0,49.5,194.0,50.5,197.0,54.5,199.0,56.5,199.0,57.0,199.0,57.5,200.0,58.0,200.0,58.0,200.0,,,,,
Vallcebre,2026-09-04,0.0,0.0,19.013,2.0,1.0,49.5,192.0,50.0,197.0,54.0,198.0,56.0,199.0,56.5,199.0,57.5,200.0,58.0,200.0,58.0,200.0,,,,,
Vallcebre,2026-09-05,0.0,0.0,16.406,2.0,1.0,55.5,176.0,53.0,190.0,55.0,195.0,56.5,197.0,57.0,198.0,57.5,199.0,58.0,199.0,58.0,200.0,,,,,
Vallcebre,2026-09-06,0.0,0.0,14.347,2.0,1.0,56.0,190.0,53.5,196.0,55.5,198.0,56.5,199.0,57.0,199.0,57.5,199.0,58.0,200.0,58.0,200.0,,,,,
Vallcebre,2026-09-07,0.0,0.0,12.341,2.0,1.0,62.0,187.0,56.5,195.0,56.5,197.0,57.5,198.0,57.5,199.0,58.0,199.0,58.0,200.0,58.0,200.0,,,,,
Vallcebre,2026-09-08,0.6542017050193839,0.0,12.05,2.0,1.0,59.5,193.0,56.5,197.0,56.5,199.0,57.5,199.0,57.5,199.0,58.0,200.0,58.0,200.0,58.0,200.0,,,,,
Vallcebre,2026-09-09,19.476469998572036,35.253,49.185,2.0,1.0,64.5,191.0,59.5,196.0,58.0,198.0,58.0,199.0,58.5,199.0,58.5,200.0,58.0,200.0,58.0,200.0,,,,,
Vallcebre,2026-09-10,0.028083604114063136,28.266,44.718,2.0,1.0,65.5,148.0,60.0,177.0,58.5,188.0,58.5,192.0,58.5,194.0,58.5,197.0,58.5,198.0,58.5,199.0,,,,,
Vallcebre,2026-09-11,0.012008571800561326,20.197,39.585,2.0,1.0,52.5,189.0,55.0,196.0,56.0,198.0,57.0,199.0,57.0,199.0,57.5,199.0,58.0,200.0,58.0,200.0,,,,,
Vallcebre,2026-09-12,0.003839361329317541,12.425,35.659,2.0,1.0,53.0,186.0,55.0,194.0,56.0,197.0,57.0,198.0,57.0,199.0,57.5,199.0,58.0,200.0,58.0,200.0,,,,,
Vallcebre,2026-09-13,0.02365892121039412,4.196,31.795,2.0,1.0,45.0,193.0,50.0,197.0,53.5,199.0,55.0,199.0,55.5,199.0,57.0,200.0,57.5,200.0,57.5,200.0,,,,,
Vallcebre,2026-09-14,0.01175150071557909,0.0,28.314,2.0,1.0,40.5,190.0,47.5,196.0,51.5,198.0,53.5,199.0,54.5,199.0,56.5,200.0,57.0,200.0,57.0,200.0,,,,,
Vallcebre,2026-09-15,0.0,0.0,24.668,2.0,1.0,48.5,152.0,50.0,179.0,52.5,189.0,54.0,193.0,55.0,195.0,56.5,197.0,57.0,198.0,57.5,199.0,,,,,
Vallcebre,2026-09-16,0.08839610475370663,0.0,22.403,2.0,1.0,47.0,189.0,49.0,196.0,52.0,198.0,53.5,199.0,54.5,199.0,56.5,199.0,57.0,200.0,57.0,200.0,,,,,
Vallcebre,2026-09-17,0.2021651653426075,0.0,21.02,2.0,1.0,49.5,194.0,50.0,198.0,52.0,199.0,53.5,199.0,54.5,199.0,56.0,200.0,57.0,200.0,57.0,200.0,,,,,
Vallcebre,2026-09-18,0.003839361329317541,0.0,19.346,2.0,1.0,41.0,193.0,45.5,197.0,49.5,199.0,52.0,199.0,53.0,199.0,55.5,200.0,56.0,200.0,56.5,200.0,,,,,
Bellver_1572m,2026-07-21,0.0,0.0,1.899,255.0,0.0,,255.0,,255.0,,255.0,,255.0,,255.0,,255.0,,255.0,,255.0,,,,,
Bellver_1572m,2026-07-22,0.0,0.0,1.541,255.0,0.0,,255.0,,255.0,,255.0,,255.0,,255.0,,255.0,,255.0,,255.0,,,,,
Bellver_1572m,2026-07-23,1.8683168541406894,0.0,4.532,255.0,0.0,,255.0,,255.0,,255.0,,255.0,,255.0,,255.0,,255.0,,255.0,,,,,
Bellver_1572m,2026-07-24,0.0021897515211690703,0.0,3.755,255.0,0.0,,255.0,,255.0,,255.0,,255.0,,255.0,,255.0,,255.0,,255.0,,,,,
Bellver_1572m,2026-07-25,0.0,0.0,3.142,255.0,0.0,,255.0,,255.0,,255.0,,255.0,,255.0,,255.0,,255.0,,255.0,,,,,
Bellver_1572m,2026-07-26,0.0,0.0,2.712,255.0,0.0,,255.0,,255.0,,255.0,,255.0,,255.0,,255.0,,255.0,,255.0,,,,,
Bellver_1572m,2026-07-27,0.0,0.0,2.314,255.0,0.0,,255.0,,255.0,,255.0,,255.0,,255.0,,255.0,,255.0,,255.0,,,,,
Bellver_1572m,2026-07-28,0.0,0.0,1.945,255.0,0.0,,255.0,,255.0,,255.0,,255.0,,255.0,,255.0,,255.0,,255.0,,,,,
Bellver_1572m,2026-07-29,0.0,0.0,1.611,255.0,0.0,,255.0,,255.0,,255.0,,255.0,,255.0,,255.0,,255.0,,255.0,,,,,
Bellver_1572m,2026-07-30,0.0,0.0,1.323,255.0,0.0,,255.0,,255.0,,255.0,,255.0,,255.0,,255.0,,255.0,,255.0,,,,,
Bellver_1572m,2026-07-31,0.5076930800846912,0.0,2.057,255.0,0.0,,255.0,,255.0,,255.0,,255.0,,255.0,,255.0,,255.0,,255.0,,,,,
Bellver_1572m,2026-08-01,0.7796183294353846,0.0,3.114,255.0,0.0,,255.0,,255.0,,255.0,,255.0,,255.0,,255.0,,255.0,,255.0,,,,,
Bellver_1572m,2026-08-02,0.05464301442524863,0.0,2.725,255.0,0.0,,255.0,,255.0,,255.0,,255.0,,255.0,,255.0,,255.0,,255.0,,,,,
Bellver_1572m,2026-08-03,10.3304860584246,10.649,20.965,255.0,0.0,,255.0,,255.0,,255.0,,255.0,,255.0,,255.0,,255.0,,255.0,,,,,
Bellver_1572m,2026-08-04,0.1027971318664974,0.0,18.048,255.0,0.0,,255.0,,255.0,,255.0,,255.0,,255.0,,255.0,,255.0,,255.0,,,,,
Bellver_1572m,2026-08-05,0.0,0.0,15.507,255.0,0.0,,255.0,,255.0,,255.0,,255.0,,255.0,,255.0,,255.0,,255.0,,,,,
Bellver_1572m,2026-08-06,12.78996076118334,16.613,36.985,255.0,0.0,,255.0,,255.0,,255.0,,255.0,,255.0,,255.0,,255.0,,255.0,,,,,
Bellver_1572m,2026-08-07,12.962682597994304,32.967,56.477,255.0,0.0,,255.0,,255.0,,255.0,,255.0,,255.0,,255.0,,255.0,,255.0,,,,,
Bellver_1572m,2026-08-08,10.20810604342637,44.185,69.537,255.0,0.0,,255.0,,255.0,,255.0,,255.0,,255.0,,255.0,,255.0,,255.0,,,,,
Bellver_1572m,2026-08-09,7.200202609718182,49.172,76.219,255.0,0.0,,255.0,,255.0,,255.0,,255.0,,255.0,,255.0,,255.0,,255.0,,,,,
Bellver_1572m,2026-08-10,0.6788862013409245,40.88,69.592,255.0,0.0,,255.0,,255.0,,255.0,,255.0,,255.0,,255.0,,255.0,,255.0,,,,,
Bellver_1572m,2026-08-11,10.843027929692965,53.612,83.56,255.0,0.0,,255.0,,255.0,,255.0,,255.0,,255.0,,255.0,,255.0,,255.0,,,,,
Bellver_1572m,2026-08-12,0.15683378832684627,43.373,75.491,255.0,0.0,,255.0,,255.0,,255.0,,255.0,,255.0,,255.0,,255.0,,255.0,,,,,
Bellver_1572m,2026-08-13,0.7145661739837034,34.21,68.437,255.0,0.0,,255.0,,255.0,,255.0,,255.0,,255.0,,255.0,,255.0,,255.0,,,,,
Bellver_1572m,2026-08-14,3.886489218381344,31.18,67.448,255.0,0.0,,255.0,,255.0,,255.0,,255.0,,255.0,,255.0,,255.0,,255.0,,,,,
Bellver_1572m,2026-08-15,15.623535667983024,56.204,92.371,255.0,0.0,,255.0,,255.0,,255.0,,255.0,,255.0,,255.0,,255.0,,255.0,,,,,
Bellver_1572m,2026-08-16,10.172473653062031,69.516,92.488,255.0,0.0,,255.0,,255.0,,255.0,,255.0,,255.0,,255.0,,255.0,,255.0,,,,,
Bellver_1572m,2026-08-17,0.07448010417590949,60.417,84.871,255.0,0.0,,255.0,,255.0,,255.0,,255.0,,255.0,,255.0,,255.0,,255.0,,,,,
Bellver_1572m,2026-08-18,0.003380638699466684,51.374,77.436,255.0,0.0,,255.0,,255.0,,255.0,,255.0,,255.0,,255.0,,255.0,,255.0,,,,,
Bellver_1572m,2026-08-19,0.0,41.164,68.969,255.0,0.0,,255.0,,255.0,,255.0,,255.0,,255.0,,255.0,,255.0,,255.0,,,,,
Bellver_1572m,2026-08-20,2.3385280161641564,38.694,67.431,255.0,0.0,,255.0,,255.0,,255.0,,255.0,,255.0,,255.0,,255.0,,255.0,,,,,
Bellver_1572m,2026-08-21,2.115729774997961,36.85,66.885,255.0,0.0,,255.0,,255.0,,255.0,,255.0,,255.0,,255.0,,255.0,,255.0,,,,,
Bellver_1572m,2026-08-22,0.007714086423051963,29.991,61.817,255.0,0.0,,255.0,,255.0,,255.0,,255.0,,255.0,,255.0,,255.0,,255.0,,,,,
Bellver_1572m,2026-08-23,0.32058405239560317,22.396,56.517,255.0,0.0,,255.0,,255.0,,255.0,,255.0,,255.0,,255.0,,255.0,,255.0,,,,,
Bellver_1572m,2026-08-24,22.14993474783037,62.246,93.374,255.0,0.0,,255.0,,255.0,,255.0,,255.0,,255.0,,255.0,,255.0,,255.0,,,,,
Bellver_1572m,2026-08-25,0.036876060730650945,55.311,87.328,255.0,0.0,,255.0,,255.0,,255.0,,255.0,,255.0,,255.0,,255.0,,255.0,,,,,
Bellver_1572m,2026-08-26,0.00591557333044622,47.368,80.293,255.0,0.0,,255.0,,255.0,,255.0,,255.0,,255.0,,255.0,,255.0,,255.0,,,,,
Bellver_1572m,2026-08-27,0.004756796427563678,39.29,72.745,255.0,0.0,,255.0,,255.0,,255.0,,255.0,,255.0,,255.0,,255.0,,255.0,,,,,
Bellver_1572m,2026-08-28,0.01760108078417849,32.821,65.916,255.0,0.0,,255.0,,255.0,,255.0,,255.0,,255.0,,255.0,,255.0,,255.0,,,,,
Bellver_1572m,2026-08-29,0.0,24.871,59.506,255.0,0.0,,255.0,,255.0,,255.0,,255.0,,255.0,,255.0,,255.0,,255.0,,,,,
Bellver_1572m,2026-08-30,0.0,16.784,53.244,255.0,0.0,,255.0,,255.0,,255.0,,255.0,,255.0,,255.0,,255.0,,255.0,,,,,
Bellver_1572m,2026-08-31,0.0,8.812,47.453,255.0,0.0,,255.0,,255.0,,255.0,,255.0,,255.0,,255.0,,255.0,,255.0,,,,,
Bellver_1572m,2026-09-01,0.0,1.159,42.642,255.0,0.0,,255.0,,255.0,,255.0,,255.0,,255.0,,255.0,,255.0,,255.0,,,,,
Bellver_1572m,2026-09-02,0.0,0.0,37.604,255.0,0.0,,255.0,,255.0,,255.0,,255.0,,255.0,,255.0,,255.0,,255.0,,,,,
Bellver_1572m,2026-09-03,0.0,0.0,33.242,255.0,0.0,,255.0,,255.0,,255.0,,255.0,,255.0,,255.0,,255.0,,255.0,,,,,
Bellver_1572m,2026-09-04,0.0,0.0,29.28,255.0,0.0,,255.0,,255.0,,255.0,,255.0,,255.0,,255.0,,255.0,,255.0,,,,,
Bellver_1572m,2026-09-05,0.0,0.0,25.764,255.0,0.0,,255.0,,255.0,,255.0,,255.0,,255.0,,255.0,,255.0,,255.0,,,,,
Bellver_1572m,2026-09-06,0.0,0.0,22.548,255.0,0.0,,255.0,,255.0,,255.0,,255.0,,255.0,,255.0,,255.0,,255.0,,,,,
Bellver_1572m,2026-09-07,0.0,0.0,19.729,255.0,0.0,,255.0,,255.0,,255.0,,255.0,,255.0,,255.0,,255.0,,255.0,,,,,
Bellver_1572m,2026-09-08,0.3647050479962559,0.0,18.127,255.0,0.0,,255.0,,255.0,,255.0,,255.0,,255.0,,255.0,,255.0,,255.0,,,,,
Bellver_1572m,2026-09-09,7.884417192822462,11.693,32.185,255.0,0.0,,255.0,,255.0,,255.0,,255.0,,255.0,,255.0,,255.0,,255.0,,,,,
Bellver_1572m,2026-09-10,0.012578790035049997,4.727,29.05,255.0,0.0,,255.0,,255.0,,255.0,,255.0,,255.0,,255.0,,255.0,,255.0,,,,,
Bellver_1572m,2026-09-11,0.005489607732624694,0.0,25.979,255.0,0.0,,255.0,,255.0,,255.0,,255.0,,255.0,,255.0,,255.0,,255.0,,,,,
Bellver_1572m,2026-09-12,0.011963042950465724,0.0,23.507,255.0,0.0,,255.0,,255.0,,255.0,,255.0,,255.0,,255.0,,255.0,,255.0,,,,,
Bellver_1572m,2026-09-13,0.028376632603905525,0.0,21.121,255.0,0.0,,255.0,,255.0,,255.0,,255.0,,255.0,,255.0,,255.0,,255.0,,,,,
Bellver_1572m,2026-09-14,0.01598478627512061,0.0,18.886,255.0,0.0,,255.0,,255.0,,255.0,,255.0,,255.0,,255.0,,255.0,,255.0,,,,,
Bellver_1572m,2026-09-15,0.0,0.0,16.847,255.0,0.0,,255.0,,255.0,,255.0,,255.0,,255.0,,255.0,,255.0,,255.0,,,,,
Bellver_1572m,2026-09-16,0.09943576027717897,0.0,15.371,255.0,0.0,,255.0,,255.0,,255.0,,255.0,,255.0,,255.0,,255.0,,255.0,,,,,
Bellver_1572m,2026-09-17,0.2221973697117117,0.0,14.598,255.0,0.0,,255.0,,255.0,,255.0,,255.0,,255.0,,255.0,,255.0,,255.0,,,,,
Bellver_1572m,2026-09-18,0.012267417612200689,0.0,13.444,255.0,0.0,,255.0,,255.0,,255.0,,255.0,,255.0,,255.0,,255.0,,255.0,,,,,
Bellver_1825m,2026-07-21,0.0,0.0,2.633,255.0,0.0,,255.0,,255.0,,255.0,,255.0,,255.0,,255.0,,255.0,,255.0,,,,,
Bellver_1825m,2026-07-22,0.0,0.0,2.199,255.0,0.0,,255.0,,255.0,,255.0,,255.0,,255.0,,255.0,,255.0,,255.0,,,,,
Bellver_1825m,2026-07-23,2.1239638680605983,0.0,5.506,255.0,0.0,,255.0,,255.0,,255.0,,255.0,,255.0,,255.0,,255.0,,255.0,,,,,
Bellver_1825m,2026-07-24,0.002410533679058939,0.0,4.657,255.0,0.0,,255.0,,255.0,,255.0,,255.0,,255.0,,255.0,,255.0,,255.0,,,,,
Bellver_1825m,2026-07-25,0.0,0.0,4.02,255.0,0.0,,255.0,,255.0,,255.0,,255.0,,255.0,,255.0,,255.0,,255.0,,,,,
Bellver_1825m,2026-07-26,0.0,0.0,3.546,255.0,0.0,,255.0,,255.0,,255.0,,255.0,,255.0,,255.0,,255.0,,255.0,,,,,
Bellver_1825m,2026-07-27,0.0,0.0,3.048,255.0,0.0,,255.0,,255.0,,255.0,,255.0,,255.0,,255.0,,255.0,,255.0,,,,,
Bellver_1825m,2026-07-28,0.0,0.0,2.598,255.0,0.0,,255.0,,255.0,,255.0,,255.0,,255.0,,255.0,,255.0,,255.0,,,,,
Bellver_1825m,2026-07-29,0.0,0.0,2.207,255.0,0.0,,255.0,,255.0,,255.0,,255.0,,255.0,,255.0,,255.0,,255.0,,,,,
Bellver_1825m,2026-07-30,0.0,0.0,1.831,255.0,0.0,,255.0,,255.0,,255.0,,255.0,,255.0,,255.0,,255.0,,255.0,,,,,
Bellver_1825m,2026-07-31,0.5085562498149402,0.0,2.452,255.0,0.0,,255.0,,255.0,,255.0,,255.0,,255.0,,255.0,,255.0,,255.0,,,,,
Bellver_1825m,2026-08-01,0.8531149651294393,0.0,3.589,255.0,0.0,,255.0,,255.0,,255.0,,255.0,,255.0,,255.0,,255.0,,255.0,,,,,
Bellver_1825m,2026-08-02,0.05603136326377008,0.0,3.161,255.0,0.0,,255.0,,255.0,,255.0,,255.0,,255.0,,255.0,,255.0,,255.0,,,,,
Bellver_1825m,2026-08-03,9.858896882626516,9.682,20.089,255.0,0.0,,255.0,,255.0,,255.0,,255.0,,255.0,,255.0,,255.0,,255.0,,,,,
Bellver_1825m,2026-08-04,0.10600424592524602,0.0,17.557,255.0,0.0,,255.0,,255.0,,255.0,,255.0,,255.0,,255.0,,255.0,,255.0,,,,,
Bellver_1825m,2026-08-05,0.0,0.0,15.407,255.0,0.0,,255.0,,255.0,,255.0,,255.0,,255.0,,255.0,,255.0,,255.0,,,,,
Bellver_1825m,2026-08-06,12.927001831331545,16.597,36.44,255.0,0.0,,255.0,,255.0,,255.0,,255.0,,255.0,,255.0,,255.0,,255.0,,,,,
Bellver_1825m,2026-08-07,12.767293749557874,32.301,54.725,255.0,0.0,,255.0,,255.0,,255.0,,255.0,,255.0,,255.0,,255.0,,255.0,,,,,
Bellver_1825m,2026-08-08,9.817834486936405,42.71,67.124,255.0,0.0,,255.0,,255.0,,255.0,,255.0,,255.0,,255.0,,255.0,,255.0,,,,,
Bellver_1825m,2026-08-09,7.08562325087807,47.626,73.48,255.0,0.0,,255.0,,255.0,,255.0,,255.0,,255.0,,255.0,,255.0,,255.0,,,,,
Bellver_1825m,2026-08-10,0.6865529456103309,40.065,67.419,255.0,0.0,,255.0,,255.0,,255.0,,255.0,,255.0,,255.0,,255.0,,255.0,,,,,
Bellver_1825m,2026-08-11,11.041075165457727,53.033,81.439,255.0,0.0,,255.0,,255.0,,255.0,,255.0,,255.0,,255.0,,255.0,,255.0,,,,,
Bellver_1825m,2026-08-12,0.14442292759372075,43.634,74.136,255.0,0.0,,255.0,,255.0,,255.0,,255.0,,255.0,,255.0,,255.0,,255.0,,,,,
Bellver_1825m,2026-08-13,0.5745412393522915,34.946,67.705,255.0,0.0,,255.0,,255.0,,255.0,,255.0,,255.0,,255.0,,255.0,,255.0,,,,,
Bellver_1825m,2026-08-14,3.975232515177454,32.659,67.59,255.0,0.0,,255.0,,255.0,,255.0,,255.0,,255.0,,255.0,,255.0,,255.0,,,,,
Bellver_1825m,2026-08-15,15.684806307210849,57.011,92.502,255.0,0.0,,255.0,,255.0,,255.0,,255.0,,255.0,,255.0,,255.0,,255.0,,,,,
Bellver_1825m,2026-08-16,10.464016130498333,70.664,92.916,255.0,0.0,,255.0,,255.0,,255.0,,255.0,,255.0,,255.0,,255.0,,255.0,,,,,
Bellver_1825m,2026-08-17,0.07447054441903903,62.29,85.562,255.0,0.0,,255.0,,255.0,,255.0,,255.0,,255.0,,255.0,,255.0,,255.0,,,,,
Bellver_1825m,2026-08-18,0.003211968296481724,53.93,78.556,255.0,0.0,,255.0,,255.0,,255.0,,255.0,,255.0,,255.0,,255.0,,255.0,,,,,
Bellver_1825m,2026-08-19,0.0,44.48,70.414,255.0,0.0,,255.0,,255.0,,255.0,,255.0,,255.0,,255.0,,255.0,,255.0,,,,,
Bellver_1825m,2026-08-20,2.2976033840374614,42.34,69.112,255.0,0.0,,255.0,,255.0,,255.0,,255.0,,255.0,,255.0,,255.0,,255.0,,,,,
Bellver_1825m,2026-08-21,2.15475467113466,40.935,68.809,255.0,0.0,,255.0,,255.0,,255.0,,255.0,,255.0,,255.0,,255.0,,255.0,,,,,
Bellver_1825m,2026-08-22,0.008263962750452306,34.628,64.118,255.0,0.0,,255.0,,255.0,,255.0,,255.0,,255.0,,255.0,,255.0,,255.0,,,,,
Bellver_1825m,2026-08-23,0.2758527728189136,27.553,59.131,255.0,0.0,,255.0,,255.0,,255.0,,255.0,,255.0,,255.0,,255.0,,255.0,,,,,
Bellver_1825m,2026-08-24,22.77116984321075,67.177,93.685,255.0,0.0,,255.0,,255.0,,255.0,,255.0,,255.0,,255.0,,255.0,,255.0,,,,,
Bellver_1825m,2026-08-25,0.03750971222887678,60.809,87.995,255.0,0.0,,255.0,,255.0,,255.0,,255.0,,255.0,,255.0,,255.0,,255.0,,,,,
Bellver_1825m,2026-08-26,0.005920490427461582,53.469,81.654,255.0,0.0,,255.0,,255.0,,255.0,,255.0,,255.0,,255.0,,255.0,,255.0,,,,,
Bellver_1825m,2026-08-27,0.0048717826667563436,46.014,75.349,255.0,0.0,,255.0,,255.0,,255.0,,255.0,,255.0,,255.0,,255.0,,255.0,,,,,
Bellver_1825m,2026-08-28,0.01328147238203109,40.046,69.468,255.0,0.0,,255.0,,255.0,,255.0,,255.0,,255.0,,255.0,,255.0,,255.0,,,,,
Bellver_1825m,2026-08-29,0.0,32.74,63.528,255.0,0.0,,255.0,,255.0,,255.0,,255.0,,255.0,,255.0,,255.0,,255.0,,,,,
Bellver_1825m,2026-08-30,0.0,25.281,57.874,255.0,0.0,,255.0,,255.0,,255.0,,255.0,,255.0,,255.0,,255.0,,255.0,,,,,
Bellver_1825m,2026-08-31,0.0,17.903,52.468,255.0,0.0,,255.0,,255.0,,255.0,,255.0,,255.0,,255.0,,255.0,,255.0,,,,,
Bellver_1825m,2026-09-01,0.0,10.815,47.602,255.0,0.0,,255.0,,255.0,,255.0,,255.0,,255.0,,255.0,,255.0,,255.0,,,,,
Bellver_1825m,2026-09-02,0.0,2.911,42.552,255.0,0.0,,255.0,,255.0,,255.0,,255.0,,255.0,,255.0,,255.0,,255.0,,,,,
Bellver_1825m,2026-09-03,0.0,0.0,37.464,255.0,0.0,,255.0,,255.0,,255.0,,255.0,,255.0,,255.0,,255.0,,255.0,,,,,
Bellver_1825m,2026-09-04,0.0,0.0,33.095,255.0,0.0,,255.0,,255.0,,255.0,,255.0,,255.0,,255.0,,255.0,,255.0,,,,,
Bellver_1825m,2026-09-05,0.0,0.0,28.97,255.0,0.0,,255.0,,255.0,,255.0,,255.0,,255.0,,255.0,,255.0,,255.0,,,,,
Bellver_1825m,2026-09-06,0.0,0.0,25.358,255.0,0.0,,255.0,,255.0,,255.0,,255.0,,255.0,,255.0,,255.0,,255.0,,,,,
Bellver_1825m,2026-09-07,0.0,0.0,22.308,255.0,0.0,,255.0,,255.0,,255.0,,255.0,,255.0,,255.0,,255.0,,255.0,,,,,
Bellver_1825m,2026-09-08,0.3461826439708842,0.0,20.321,255.0,0.0,,255.0,,255.0,,255.0,,255.0,,255.0,,255.0,,255.0,,255.0,,,,,
Bellver_1825m,2026-09-09,7.748750362277472,11.134,33.876,255.0,0.0,,255.0,,255.0,,255.0,,255.0,,255.0,,255.0,,255.0,,255.0,,,,,
Bellver_1825m,2026-09-10,0.01280137358726398,4.776,30.854,255.0,0.0,,255.0,,255.0,,255.0,,255.0,,255.0,,255.0,,255.0,,255.0,,,,,
Bellver_1825m,2026-09-11,0.005586368224248939,0.0,27.865,255.0,0.0,,255.0,,255.0,,255.0,,255.0,,255.0,,255.0,,255.0,,255.0,,,,,
Bellver_1825m,2026-09-12,0.009722698863998291,0.0,25.37,255.0,0.0,,255.0,,255.0,,255.0,,255.0,,255.0,,255.0,,255.0,,255.0,,,,,
Bellver_1825m,2026-09-13,0.025743475915915186,0.0,22.967,255.0,0.0,,255.0,,255.0,,255.0,,255.0,,255.0,,255.0,,255.0,,255.0,,,,,
Bellver_1825m,2026-09-14,0.013830787176796618,0.0,20.539,255.0,0.0,,255.0,,255.0,,255.0,,255.0,,255.0,,255.0,,255.0,,255.0,,,,,
Bellver_1825m,2026-09-15,0.0,0.0,18.378,255.0,0.0,,255.0,,255.0,,255.0,,255.0,,255.0,,255.0,,255.0,,255.0,,,,,
Bellver_1825m,2026-09-16,0.09042453494782145,0.0,17.0,255.0,0.0,,255.0,,255.0,,255.0,,255.0,,255.0,,255.0,,255.0,,255.0,,,,,
Bellver_1825m,2026-09-17,0.2353531164641377,0.0,16.207,255.0,0.0,,255.0,,255.0,,255.0,,255.0,,255.0,,255.0,,255.0,,255.0,,,,,
Bellver_1825m,2026-09-18,0.010019610154122708,0.0,15.015,255.0,0.0,,255.0,,255.0,,255.0,,255.0,,255.0,,255.0,,255.0,,255.0,,,,,
Olvan,2026-07-21,0.0130226302072277,0.0,0.148,2.0,1.0,55.0,194.0,53.5,198.0,54.5,199.0,56.0,199.0,57.0,199.0,59.5,200.0,60.5,200.0,62.5,200.0,,,,,
Olvan,2026-07-22,0.0,0.0,0.125,2.0,1.0,53.5,193.0,53.0,197.0,54.5,199.0,55.5,199.0,56.5,199.0,59.0,200.0,60.5,200.0,62.5,200.0,,,,,
Olvan,2026-07-23,0.0026147800809787907,0.0,0.109,2.0,1.0,51.0,142.0,52.0,174.0,54.0,187.0,55.0,191.0,56.0,193.0,59.0,197.0,60.5,198.0,62.5,199.0,,,,,
Olvan,2026-07-24,0.16539765767132505,0.0,0.362,2.0,1.0,53.0,190.0,52.5,196.0,54.0,198.0,55.0,199.0,56.5,199.0,59.0,200.0,60.5,200.0,62.0,200.0,,,,,
Olvan,2026-07-25,0.0,0.0,0.311,2.0,1.0,44.0,189.0,48.5,195.0,51.5,198.0,53.5,198.0,55.0,199.0,58.0,199.0,60.0,200.0,62.0,200.0,,,,,
Olvan,2026-07-26,0.0,0.0,0.27,2.0,1.0,37.0,194.0,45.0,198.0,50.0,199.0,52.5,199.0,54.0,199.0,57.5,200.0,59.5,200.0,61.5,200.0,,,,,
Olvan,2026-07-27,0.0,0.0,0.231,2.0,1.0,35.0,193.0,42.0,197.0,47.5,199.0,50.5,199.0,52.5,199.0,56.5,200.0,58.5,200.0,61.0,200.0,,,,,
Olvan,2026-07-28,0.0,0.0,0.195,2.0,1.0,37.0,142.0,42.5,174.0,47.5,187.0,50.5,191.0,52.5,193.0,56.5,197.0,58.5,198.0,61.0,199.0,,,,,
Olvan,2026-07-29,0.0,0.0,0.164,2.0,1.0,40.0,190.0,42.5,196.0,47.0,198.0,50.0,199.0,52.0,199.0,56.0,199.0,58.5,200.0,61.0,200.0,,,,,
Olvan,2026-07-30,0.0,0.0,0.137,2.0,1.0,50.5,189.0,46.5,195.0,48.5,198.0,51.0,198.0,52.5,199.0,56.5,199.0,58.5,200.0,61.0,200.0,,,,,
Olvan,2026-07-31,0.025959271574249206,0.0,0.159,2.0,1.0,52.5,194.0,48.0,198.0,49.0,199.0,51.0,199.0,52.5,199.0,56.5,200.0,58.5,200.0,61.0,200.0,,,,,
Olvan,2026-08-01,0.03333203959616291,0.0,0.191,2.0,1.0,42.5,193.0,44.0,197.0,46.5,198.0,49.5,199.0,51.0,199.0,55.5,200.0,57.5,200.0,60.5,200.0,,,,,
Olvan,2026-08-02,0.0,0.0,0.16,2.0,1.0,49.5,148.0,47.5,177.0,48.5,188.0,50.0,192.0,52.0,194.0,55.5,197.0,58.0,198.0,60.5,199.0,,,,,
Olvan,2026-08-03,10.138714762139386,6.914,16.816,2.0,1.0,48.0,190.0,47.0,196.0,48.0,198.0,50.0,199.0,51.5,199.0,55.5,199.0,57.5,200.0,60.5,200.0,,,,,
Olvan,2026-08-04,0.7321851615753266,0.0,15.463,2.0,1.0,52.5,188.0,49.0,195.0,49.0,198.0,50.5,198.0,51.5,199.0,55.5,199.0,57.5,200.0,60.5,200.0,,,,,
Olvan,2026-08-05,0.0018711677987425274,0.0,13.203,2.0,1.0,56.5,194.0,51.5,197.0,50.5,199.0,51.0,199.0,52.0,199.0,55.5,200.0,57.5,200.0,60.5,200.0,,,,,
Olvan,2026-08-06,31.02257987787657,47.976,64.621,2.0,1.0,52.5,192.0,50.5,197.0,50.0,198.0,51.0,199.0,52.0,199.0,55.5,200.0,57.5,200.0,60.0,200.0,,,,,
Olvan,2026-08-07,12.836024747830583,60.74,79.962,2.0,1.0,63.5,176.0,56.0,190.0,53.0,195.0,53.0,197.0,53.5,197.0,56.0,199.0,58.0,199.0,60.5,199.0,,,,,
Olvan,2026-08-08,0.00609476798378155,48.284,70.855,2.0,1.0,77.0,190.0,65.0,196.0,58.5,198.0,56.5,199.0,56.0,199.0,57.5,199.0,58.5,200.0,61.0,200.0,,,,,
Olvan,2026-08-09,0.0018711677987425274,36.268,62.375,2.0,1.0,78.0,187.0,66.0,195.0,59.0,197.0,57.0,198.0,56.5,199.0,57.5,199.0,59.0,200.0,61.0,200.0,,,,,
Olvan,2026-08-10,0.2824423555311069,25.15,54.745,2.0,1.0,74.0,193.0,66.5,197.0,60.0,199.0,57.5,199.0,57.0,199.0,58.0,200.0,59.0,200.0,61.0,200.0,,,,,
Olvan,2026-08-11,40.918903331617365,91.991,89.421,2.0,1.0,71.5,190.0,66.5,196.0,60.5,198.0,58.5,199.0,57.5,199.0,58.0,200.0,59.0,200.0,61.0,200.0,,,,,
Olvan,2026-08-12,0.0,79.463,80.316,2.0,1.0,79.5,176.0,71.0,190.0,63.5,195.0,60.5,197.0,59.0,198.0,59.0,199.0,59.5,199.0,61.5,200.0,,,,,
Olvan,2026-08-13,0.5378938049624008,68.106,72.395,2.0,1.0,76.5,189.0,71.5,196.0,64.5,198.0,61.5,199.0,60.0,199.0,59.5,199.0,60.0,200.0,61.5,200.0,,,,,
Olvan,2026-08-14,17.38898997399983,88.598,89.536,2.0,1.0,79.5,186.0,73.5,194.0,66.0,197.0,62.5,198.0,61.0,199.0,60.0,199.0,60.0,200.0,62.0,200.0,,,,,
Olvan,2026-08-15,13.795262374357922,100.0,90.794,2.0,1.0,78.5,193.0,75.0,197.0,68.0,199.0,64.5,199.0,62.5,199.0,60.5,200.0,61.0,200.0,62.0,200.0,,,,,
Olvan,2026-08-16,0.14295662198822182,89.786,82.715,2.0,1.0,82.0,190.0,77.0,196.0,70.0,198.0,66.0,199.0,63.5,199.0,61.0,200.0,61.5,200.0,62.5,200.0,,,,,
Olvan,2026-08-17,10.437965663326418,99.051,91.25,2.0,1.0,80.5,147.0,77.0,177.0,70.5,188.0,66.0,192.0,64.0,194.0,61.5,197.0,61.5,198.0,62.5,199.0,,,,,
Olvan,2026-08-18,0.0,88.949,83.662,2.0,1.0,85.0,189.0,79.5,196.0,72.5,198.0,68.0,199.0,65.5,199.0,62.5,199.0,62.0,200.0,63.0,200.0,,,,,
Olvan,2026-08-19,0.0,77.449,75.211,2.0,1.0,81.5,194.0,79.0,198.0,73.0,199.0,68.5,199.0,66.0,199.0,62.5,200.0,62.5,200.0,63.0,200.0,,,,,
Olvan,2026-08-20,0.6722938567370403,69.86,69.956,2.0,1.0,74.5,193.0,76.5,197.0,72.5,199.0,68.5,199.0,66.5,199.0,63.0,200.0,62.5,200.0,63.0,200.0,,,,,
Olvan,2026-08-21,0.07545374416284163,62.274,64.541,2.0,1.0,75.5,190.0,76.5,196.0,72.5,198.0,69.0,199.0,66.5,199.0,63.5,199.0,62.5,200.0,63.0,200.0,,,,,
Olvan,2026-08-22,0.40636020325748523,55.566,60.08,2.0,1.0,73.5,190.0,75.5,196.0,72.5,198.0,69.0,199.0,67.0,199.0,63.5,200.0,63.0,200.0,63.5,200.0,,,,,
Olvan,2026-08-23,0.0,45.702,53.744,2.0,1.0,71.5,189.0,74.0,195.0,72.0,198.0,69.0,198.0,67.0,199.0,63.5,199.0,63.0,200.0,63.5,200.0,,,,,
Olvan,2026-08-24,0.87633018365857,39.097,50.168,2.0,1.0,66.0,194.0,71.5,198.0,71.0,199.0,68.5,199.0,66.5,199.0,63.5,200.0,63.0,200.0,63.5,200.0,,,,,
Olvan,2026-08-25,0.16161640859132853,30.24,44.699,2.0,1.0,74.0,193.0,74.5,197.0,72.5,199.0,69.5,199.0,67.5,199.0,64.0,200.0,63.5,200.0,63.5,200.0,,,,,
Olvan,2026-08-26,0.0,21.591,40.044,2.0,1.0,75.0,142.0,75.0,174.0,72.5,187.0,70.0,191.0,68.0,193.0,64.5,197.0,63.5,198.0,63.5,199.0,,,,,
Olvan,2026-08-27,0.0,11.992,35.333,2.0,1.0,71.5,190.0,73.0,196.0,72.0,198.0,70.0,199.0,68.0,199.0,64.5,199.0,63.5,200.0,63.5,200.0,,,,,
Olvan,2026-08-28,0.0,3.929,31.422,2.0,1.0,67.0,189.0,71.0,195.0,71.0,198.0,69.5,198.0,67.5,199.0,64.0,199.0,63.5,200.0,63.5,200.0,,,,,
Olvan,2026-08-29,0.0,0.0,27.792,2.0,1.0,59.5,194.0,67.5,198.0,69.5,199.0,68.0,199.0,66.5,199.0,64.0,200.0,63.0,200.0,63.5,200.0,,,,,
Olvan,2026-08-30,0.0,0.0,24.643,2.0,1.0,52.0,193.0,62.0,197.0,66.0,198.0,66.0,199.0,65.5,199.0,63.5,200.0,63.0,200.0,63.0,200.0,,,,,
Olvan,2026-08-31,0.0,0.0,21.968,2.0,1.0,58.0,176.0,62.5,190.0,66.0,195.0,66.0,197.0,65.5,197.0,63.5,199.0,63.0,199.0,63.5,199.0,,,,,
Olvan,2026-09-01,0.0,0.0,19.92,2.0,1.0,55.0,190.0,60.5,196.0,64.5,198.0,65.0,199.0,64.5,199.0,63.0,199.0,62.5,200.0,63.0,200.0,,,,,
Olvan,2026-09-02,0.0,0.0,17.734,2.0,1.0,60.5,188.0,62.0,195.0,65.0,198.0,65.5,198.0,65.0,199.0,63.5,199.0,63.0,200.0,63.0,200.0,,,,,
Olvan,2026-09-03,0.0,0.0,15.607,2.0,1.0,63.5,194.0,63.0,197.0,65.5,199.0,65.5,199.0,65.0,199.0,63.5,200.0,63.0,200.0,63.0,200.0,,,,,
Olvan,2026-09-04,0.0,0.0,13.701,2.0,1.0,60.0,192.0,61.5,197.0,64.5,198.0,65.0,199.0,64.5,199.0,63.0,200.0,63.0,200.0,63.0,200.0,,,,,
Olvan,2026-09-05,0.0,0.0,12.084,2.0,1.0,62.0,176.0,62.5,190.0,64.5,195.0,65.0,197.0,64.5,198.0,63.0,199.0,63.0,199.0,63.0,200.0,,,,,
Olvan,2026-09-06,0.0,0.0,10.514,2.0,1.0,63.0,190.0,63.0,196.0,64.5,198.0,65.0,199.0,64.5,199.0,63.0,199.0,63.0,200.0,63.0,200.0,,,,,
Olvan,2026-09-07,0.0,0.0,9.249,2.0,1.0,69.5,187.0,66.0,195.0,66.0,197.0,66.0,198.0,65.5,199.0,63.5,199.0,63.0,200.0,63.5,200.0,,,,,
Olvan,2026-09-08,0.051794928887283376,0.0,8.254,2.0,1.0,68.0,193.0,66.0,197.0,66.0,199.0,65.5,199.0,65.5,199.0,63.5,200.0,63.0,200.0,63.5,200.0,,,,,
Olvan,2026-09-09,50.61614443160322,91.836,95.128,2.0,1.0,73.5,191.0,68.5,196.0,67.0,198.0,67.0,199.0,66.0,199.0,64.0,200.0,63.5,200.0,63.5,200.0,,,,,
Olvan,2026-09-10,0.00280329198871799,84.416,89.203,2.0,1.0,77.0,148.0,70.5,177.0,68.0,188.0,67.5,192.0,66.5,194.0,64.5,197.0,63.5,198.0,64.0,199.0,,,,,
Olvan,2026-09-11,0.0,76.031,82.778,2.0,1.0,70.0,189.0,69.0,196.0,67.5,198.0,67.0,199.0,66.5,199.0,64.5,199.0,63.5,200.0,64.0,200.0,,,,,
Olvan,2026-09-12,0.0,68.009,77.02,2.0,1.0,68.5,186.0,68.5,194.0,67.5,197.0,67.0,198.0,66.5,199.0,64.5,199.0,63.5,200.0,64.0,200.0,,,,,
Olvan,2026-09-13,0.000766184299144828,59.51,71.273,2.0,1.0,66.0,193.0,67.0,197.0,67.0,199.0,67.0,199.0,66.5,199.0,64.5,200.0,63.5,200.0,64.0,200.0,,,,,
Olvan,2026-09-14,0.0,49.75,65.107,2.0,1.0,59.5,190.0,64.0,196.0,65.0,198.0,65.5,199.0,65.5,199.0,64.0,200.0,63.5,200.0,63.5,200.0,,,,,
Olvan,2026-09-15,0.0,40.495,59.073,2.0,1.0,65.0,147.0,66.0,177.0,66.0,188.0,66.0,192.0,66.0,194.0,64.0,197.0,63.5,198.0,63.5,199.0,,,,,
Olvan,2026-09-16,0.5474231094142502,34.082,55.342,2.0,1.0,63.5,189.0,65.0,196.0,65.5,198.0,66.0,199.0,65.5,199.0,64.0,199.0,63.5,200.0,63.5,200.0,,,,,
Olvan,2026-09-17,0.8097387868064297,29.661,52.289,2.0,1.0,69.0,194.0,67.0,198.0,66.5,199.0,66.5,199.0,66.0,199.0,64.5,200.0,63.5,200.0,64.0,200.0,,,,,
Olvan,2026-09-18,0.0,24.191,48.182,2.0,1.0,61.5,193.0,64.0,197.0,65.0,199.0,65.5,199.0,65.5,199.0,64.0,200.0,63.5,200.0,63.5,200.0,,,,,
XMS_Batlliu_de_Sort,2026-07-21,0.0,0.0,3.746,,,,,,,,,,,,,,,,,,,0.0,0.09781250000000001,0.17604166666666665,0.21433333333333335,48
XMS_Batlliu_de_Sort,2026-07-22,0.0,0.0,3.163,,,,,,,,,,,,,,,,,,,0.0,0.09910416666666666,0.17600000000000002,0.214125,48
XMS_Batlliu_de_Sort,2026-07-23,0.0709435711675551,0.0,2.783,,,,,,,,,,,,,,,,,,,0.0,0.09979166666666665,0.17677083333333332,0.21485416666666668,48
XMS_Batlliu_de_Sort,2026-07-24,0.0,0.0,2.341,,,,,,,,,,,,,,,,,,,0.0,0.09937499999999999,0.1770208333333333,0.21543750000000003,48
XMS_Batlliu_de_Sort,2026-07-25,2.099448431134771,0.0,5.637,,,,,,,,,,,,,,,,,,,6.1,0.0991875,0.17649999999999996,0.216,48
XMS_Batlliu_de_Sort,2026-07-26,0.0,0.0,4.858,,,,,,,,,,,,,,,,,,,0.0,0.09895833333333333,0.17416666666666666,0.21547916666666667,48
XMS_Batlliu_de_Sort,2026-07-27,0.0,0.0,4.188,,,,,,,,,,,,,,,,,,,0.0,0.0986875,0.17416666666666666,0.21485416666666668,48
XMS_Batlliu_de_Sort,2026-07-28,0.0,0.0,3.56,,,,,,,,,,,,,,,,,,,0.0,0.09895833333333333,0.1749791666666666,0.215,48
XMS_Batlliu_de_Sort,2026-07-29,0.0,0.0,2.997,,,,,,,,,,,,,,,,,,,0.0,0.09912499999999998,0.17600000000000002,0.21535416666666665,48
XMS_Batlliu_de_Sort,2026-07-30,0.021707170207520343,0.0,2.543,,,,,,,,,,,,,,,,,,,0.0,0.09875,0.17668749999999997,0.216,48
XMS_Batlliu_de_Sort,2026-07-31,0.1449796472691522,0.0,2.396,,,,,,,,,,,,,,,,,,,0.7999999999999999,0.0970625,0.17643749999999994,0.21691666666666667,48
XMS_Batlliu_de_Sort,2026-08-01,0.3513170967630657,0.0,2.617,,,,,,,,,,,,,,,,,,,0.0,0.09670833333333333,0.17566666666666664,0.21647916666666667,48
XMS_Batlliu_de_Sort,2026-08-02,0.6186543509143299,0.0,3.295,,,,,,,,,,,,,,,,,,,0.0,0.09654166666666668,0.17631249999999998,0.21675,48
XMS_Batlliu_de_Sort,2026-08-03,10.546940680106394,9.083,20.905,,,,,,,,,,,,,,,,,,,4.2,0.09904166666666665,0.17666666666666667,0.2168125,48
XMS_Batlliu_de_Sort,2026-08-04,0.002656333646316648,0.0,18.117,,,,,,,,,,,,,,,,,,,0.0,0.10572916666666667,0.17537499999999998,0.21695833333333336,48
XMS_Batlliu_de_Sort,2026-08-05,0.0,0.0,15.65,,,,,,,,,,,,,,,,,,,0.0,0.10129166666666667,0.17452083333333332,0.21643749999999998,48
XMS_Batlliu_de_Sort,2026-08-06,12.739268231492582,14.096,35.819,,,,,,,,,,,,,,,,,,,14.999999999999998,0.09981250000000001,0.1743958333333333,0.2160416666666667,48
XMS_Batlliu_de_Sort,2026-08-07,0.23326154169512225,2.726,31.464,,,,,,,,,,,,,,,,,,,0.0,0.10039583333333334,0.1745833333333333,0.21660416666666668,48
XMS_Batlliu_de_Sort,2026-08-08,12.268948346198231,14.66,48.174,,,,,,,,,,,,,,,,,,,14.400000000000002,0.10077083333333332,0.17629166666666665,0.21716666666666665,48
XMS_Batlliu_de_Sort,2026-08-09,0.7895780100717111,4.448,42.991,,,,,,,,,,,,,,,,,,,1.2000000000000002,0.10045833333333332,0.1789375,0.2189791666666667,48
XMS_Batlliu_de_Sort,2026-08-10,0.06814316100114533,0.0,37.259,,,,,,,,,,,,,,,,,,,0.0,0.10158333333333334,0.1816458333333333,0.2199791666666667,48
XMS_Batlliu_de_Sort,2026-08-11,34.47935879317378,57.445,90.709,,,,,,,,,,,,,,,,,,,49.3,0.10697916666666667,0.20020833333333332,0.22131250000000002,48
XMS_Batlliu_de_Sort,2026-08-12,2.9445758844071905,51.404,87.455,,,,,,,,,,,,,,,,,,,3.8,0.11816666666666668,0.24668750000000003,0.22445833333333334,48
XMS_Batlliu_de_Sort,2026-08-13,0.051180422255580636,39.585,78.991,,,,,,,,,,,,,,,,,,,0.0,0.11750000000000001,0.23324999999999999,0.22658333333333336,48
XMS_Batlliu_de_Sort,2026-08-14,0.9479299183661906,29.152,72.177,,,,,,,,,,,,,,,,,,,1.2,0.11779166666666667,0.2284791666666667,0.22872916666666668,48
XMS_Batlliu_de_Sort,2026-08-15,0.018089308506266954,24.766,68.322,,,,,,,,,,,,,,,,,,,0.0,0.11777083333333334,0.22595833333333334,0.23068750000000002,48
XMS_Batlliu_de_Sort,2026-08-16,1.7578971134222063,23.926,68.309,,,,,,,,,,,,,,,,,,,6.9,0.11739583333333332,0.2231875,0.23118750000000002,48
XMS_Batlliu_de_Sort,2026-08-17,0.0,18.603,64.322,,,,,,,,,,,,,,,,,,,0.0,0.11783333333333335,0.22075,0.2327916666666667,48
XMS_Batlliu_de_Sort,2026-08-18,0.0,13.67,60.602,,,,,,,,,,,,,,,,,,,0.0,0.11891666666666667,0.21964583333333332,0.23316666666666666,48
XMS_Batlliu_de_Sort,2026-08-19,0.2787320395739389,8.395,56.777,,,,,,,,,,,,,,,,,,,0.7,0.11941666666666667,0.21875,0.23399999999999999,48
XMS_Batlliu_de_Sort,2026-08-20,5.944394786392729,13.513,63.48,,,,,,,,,,,,,,,,,,,3.4,0.11879166666666667,0.21710416666666668,0.2350833333333333,48
XMS_Batlliu_de_Sort,2026-08-21,0.5161863151229262,10.759,61.683,,,,,,,,,,,,,,,,,,,2.8,0.11822916666666665,0.2147916666666667,0.23572916666666666,48
XMS_Batlliu_de_Sort,2026-08-22,0.014235806447684253,7.098,58.882,,,,,,,,,,,,,,,,,,,0.0,0.117375,0.21222916666666666,0.2356458333333333,48
XMS_Batlliu_de_Sort,2026-08-23,0.21248777086286247,2.649,55.807,,,,,,,,,,,,,,,,,,,0.0,0.11797916666666668,0.2104166666666667,0.2351458333333333,48
XMS_Batlliu_de_Sort,2026-08-24,3.182621192597322,5.356,59.531,,,,,,,,,,,,,,,,,,,37.699999999999996,0.1181875,0.2315,0.23702083333333332,48
XMS_Batlliu_de_Sort,2026-08-25,0.03750451310761681,1.604,56.832,,,,,,,,,,,,,,,,,,,0.0,0.1211875,0.2641875,0.23933333333333331,48
XMS_Batlliu_de_Sort,2026-08-26,0.0,0.0,53.669,,,,,,,,,,,,,,,,,,,0.0,0.12191666666666666,0.25177083333333333,0.23981249999999998,48
XMS_Batlliu_de_Sort,2026-08-27,0.0,0.0,48.711,,,,,,,,,,,,,,,,,,,0.0,0.12272916666666667,0.24191666666666664,0.2394791666666667,48
XMS_Batlliu_de_Sort,2026-08-28,0.0,0.0,46.134,,,,,,,,,,,,,,,,,,,0.0,0.12220833333333332,0.23416666666666666,0.24016666666666667,48
XMS_Batlliu_de_Sort,2026-08-29,0.0,0.0,43.714,,,,,,,,,,,,,,,,,,,0.0,0.12141666666666666,0.22683333333333336,0.24008333333333334,48
XMS_Batlliu_de_Sort,2026-08-30,0.0,0.0,41.38,,,,,,,,,,,,,,,,,,,0.0,0.12077083333333333,0.22085416666666668,0.23979166666666663,48
XMS_Batlliu_de_Sort,2026-08-31,0.0,0.0,39.025,,,,,,,,,,,,,,,,,,,0.0,0.11958333333333333,0.21545833333333334,0.23964583333333334,48
XMS_Batlliu_de_Sort,2026-09-01,0.0,0.0,36.938,,,,,,,,,,,,,,,,,,,0.0,0.11810416666666666,0.21027083333333332,0.23920833333333333,48
XMS_Batlliu_de_Sort,2026-09-02,0.0,0.0,34.908,,,,,,,,,,,,,,,,,,,0.0,0.11664583333333334,0.20591666666666666,0.23872916666666666,48
XMS_Batlliu_de_Sort,2026-09-03,0.0,0.0,32.805,,,,,,,,,,,,,,,,,,,0.0,0.114875,0.20177083333333332,0.23758333333333334,48
XMS_Batlliu_de_Sort,2026-09-04,0.0,0.0,30.773,,,,,,,,,,,,,,,,,,,0.0,0.11254166666666666,0.19787500000000002,0.2361875,48
XMS_Batlliu_de_Sort,2026-09-05,0.0,0.0,28.893,,,,,,,,,,,,,,,,,,,0.0,0.11022916666666667,0.19406250000000003,0.23491666666666666,48
XMS_Batlliu_de_Sort,2026-09-06,0.0,0.0,27.143,,,,,,,,,,,,,,,,,,,0.0,0.10822916666666667,0.19089583333333335,0.23333333333333336,48
XMS_Batlliu_de_Sort,2026-09-07,0.0,0.0,25.587,,,,,,,,,,,,,,,,,,,0.0,0.10597916666666667,0.18810416666666663,0.23202083333333334,48
XMS_Batlliu_de_Sort,2026-09-08,0.025624451605831655,0.0,24.048,,,,,,,,,,,,,,,,,,,0.0,0.10395833333333333,0.18560416666666665,0.23027083333333334,48
XMS_Batlliu_de_Sort,2026-09-09,0.6208112344913627,0.0,23.489,,,,,,,,,,,,,,,,,,,14.0,0.10547916666666668,0.18581249999999996,0.2297916666666667,48
XMS_Batlliu_de_Sort,2026-09-10,0.0,0.0,22.375,,,,,,,,,,,,,,,,,,,0.0,0.10308333333333335,0.18345833333333336,0.22858333333333336,48
XMS_Batlliu_de_Sort,2026-09-11,0.0,0.0,20.213,,,,,,,,,,,,,,,,,,,0.0,0.102,0.18154166666666663,0.2265625,48
XMS_Batlliu_de_Sort,2026-09-12,0.0,0.0,18.235,,,,,,,,,,,,,,,,,,,0.0,0.10149999999999999,0.18029166666666666,0.22470833333333332,48
XMS_Batlliu_de_Sort,2026-09-13,0.0,0.0,16.354,,,,,,,,,,,,,,,,,,,0.0,0.10074999999999999,0.17939583333333334,0.22389583333333338,48
XMS_Batlliu_de_Sort,2026-09-14,0.0,0.0,14.627,,,,,,,,,,,,,,,,,,,0.0,0.0999375,0.17829166666666665,0.2226041666666667,48
XMS_Batlliu_de_Sort,2026-09-15,0.0,0.0,13.078,,,,,,,,,,,,,,,,,,,0.0,0.09947916666666667,0.17741666666666664,0.22147916666666667,48
XMS_Batlliu_de_Sort,2026-09-16,0.2446007922977662,0.0,12.451,,,,,,,,,,,,,,,,,,,0.0,0.09841666666666667,0.17675000000000005,0.221,48
XMS_Batlliu_de_Sort,2026-09-17,0.0,0.0,11.338,,,,,,,,,,,,,,,,,,,0.0,0.09702083333333333,0.1755416666666667,0.22002083333333336,48
XMS_Batlliu_de_Sort,2026-09-18,0.0,0.0,10.216,,,,,,,,,,,,,,,,,,,0.0,0.09627083333333335,0.17429166666666665,0.21858333333333335,48
XMS_Cami_dels_Nerets,2026-07-21,0.0,0.0,1.22,,,,,,,,,,,,,,,,,,,0.0,0.0849375,0.0734375,0.06808333333333334,48
XMS_Cami_dels_Nerets,2026-07-22,0.0,0.0,0.996,,,,,,,,,,,,,,,,,,,0.0,0.084625,0.07333333333333333,0.06802083333333334,48
XMS_Cami_dels_Nerets,2026-07-23,0.0,0.0,0.801,,,,,,,,,,,,,,,,,,,0.0,0.08429166666666667,0.07333333333333333,0.06802083333333334,48
XMS_Cami_dels_Nerets,2026-07-24,0.0,0.0,0.651,,,,,,,,,,,,,,,,,,,0.0,0.08395833333333332,0.07335416666666666,0.06847916666666667,48
XMS_Cami_dels_Nerets,2026-07-25,0.0,0.0,0.543,,,,,,,,,,,,,,,,,,,0.0,0.08293750000000001,0.07310416666666666,0.06875,48
XMS_Cami_dels_Nerets,2026-07-26,0.0,0.0,0.459,,,,,,,,,,,,,,,,,,,0.0,0.08193750000000001,0.0725,0.06852083333333335,48
XMS_Cami_dels_Nerets,2026-07-27,0.0,0.0,0.382,,,,,,,,,,,,,,,,,,,0.0,0.08143750000000001,0.0720625,0.06808333333333334,48
XMS_Cami_dels_Nerets,2026-07-28,0.0,0.0,0.313,,,,,,,,,,,,,,,,,,,0.0,0.08143750000000001,0.072125,0.0683125,48
XMS_Cami_dels_Nerets,2026-07-29,0.0,0.0,0.254,,,,,,,,,,,,,,,,,,,0.0,0.08168750000000001,0.07229166666666666,0.06839583333333334,48
XMS_Cami_dels_Nerets,2026-07-30,0.0,0.0,0.205,,,,,,,,,,,,,,,,,,,0.0,0.08158333333333334,0.0724375,0.06856250000000001,48
XMS_Cami_dels_Nerets,2026-07-31,1.8772735410785606,0.0,3.086,,,,,,,,,,,,,,,,,,,1.9,0.08095833333333334,0.07235416666666666,0.069,48
XMS_Cami_dels_Nerets,2026-08-01,0.0,0.0,2.534,,,,,,,,,,,,,,,,,,,0.0,0.08062500000000002,0.07179166666666666,0.06875,48
XMS_Cami_dels_Nerets,2026-08-02,0.3196490386501757,0.0,2.624,,,,,,,,,,,,,,,,,,,0.0,0.08091666666666668,0.07191666666666667,0.06877083333333334,48
XMS_Cami_dels_Nerets,2026-08-03,10.441017753125324,7.9,19.181,,,,,,,,,,,,,,,,,,,5.199999999999999,0.08045833333333334,0.07175,0.06891666666666667,48
XMS_Cami_dels_Nerets,2026-08-04,0.0,0.0,16.079,,,,,,,,,,,,,,,,,,,0.1,0.079,0.07104166666666667,0.06864583333333334,48
XMS_Cami_dels_Nerets,2026-08-05,0.0,0.0,13.455,,,,,,,,,,,,,,,,,,,0.0,0.07966666666666668,0.07075,0.06895833333333334,48
XMS_Cami_dels_Nerets,2026-08-06,3.2286594332731675,0.0,16.617,,,,,,,,,,,,,,,,,,,2.4000000000000004,0.08039583333333335,0.07108333333333333,0.069,48
XMS_Cami_dels_Nerets,2026-08-07,0.0,0.0,13.849,,,,,,,,,,,,,,,,,,,0.1,0.08029166666666666,0.0708125,0.06854166666666668,48
XMS_Cami_dels_Nerets,2026-08-08,6.7004950222700295,0.0,22.152,,,,,,,,,,,,,,,,,,,9.399999999999999,0.08066666666666668,0.07114583333333334,0.06802083333333334,48
XMS_Cami_dels_Nerets,2026-08-09,1.266663928215799,0.0,20.926,,,,,,,,,,,,,,,,,,,1.3000000000000003,0.07997916666666667,0.07054166666666667,0.068,48
XMS_Cami_dels_Nerets,2026-08-10,0.07767027707739474,0.0,17.835,,,,,,,,,,,,,,,,,,,0.3,0.08027083333333335,0.07058333333333335,0.068,48
XMS_Cami_dels_Nerets,2026-08-11,0.10678824907396757,0.0,15.146,,,,,,,,,,,,,,,,,,,0.0,0.08139583333333333,0.07091666666666667,0.068,48
XMS_Cami_dels_Nerets,2026-08-12,0.0,0.0,12.735,,,,,,,,,,,,,,,,,,,0.0,0.08220833333333334,0.07133333333333333,0.068,48
XMS_Cami_dels_Nerets,2026-08-13,0.0,0.0,10.657,,,,,,,,,,,,,,,,,,,0.0,0.08275,0.07154166666666666,0.06895833333333334,48
XMS_Cami_dels_Nerets,2026-08-14,1.5316372701305412,0.0,11.31,,,,,,,,,,,,,,,,,,,0.8999999999999999,0.08279166666666667,0.07137500000000001,0.06895833333333334,48
XMS_Cami_dels_Nerets,2026-08-15,0.0,0.0,9.876,,,,,,,,,,,,,,,,,,,0.0,0.082625,0.07110416666666666,0.06856250000000001,48
XMS_Cami_dels_Nerets,2026-08-16,0.8016131615160029,0.0,9.9,,,,,,,,,,,,,,,,,,,0.6,0.08285416666666667,0.0711875,0.068,48
XMS_Cami_dels_Nerets,2026-08-17,0.0,0.0,8.54,,,,,,,,,,,,,,,,,,,0.0,0.08318750000000001,0.0713125,0.068,48
XMS_Cami_dels_Nerets,2026-08-18,0.0,0.0,7.337,,,,,,,,,,,,,,,,,,,0.0,0.0844375,0.07172916666666666,0.068,48
XMS_Cami_dels_Nerets,2026-08-19,0.0,0.0,6.236,,,,,,,,,,,,,,,,,,,0.0,0.0850625,0.07216666666666667,0.067875,48
XMS_Cami_dels_Nerets,2026-08-20,1.4384444296435772,0.0,7.783,,,,,,,,,,,,,,,,,,,8.7,0.08554166666666667,0.07260416666666666,0.068,48
XMS_Cami_dels_Nerets,2026-08-21,1.9029245995336521,0.0,10.209,,,,,,,,,,,,,,,,,,,0.30000000000000004,0.08391666666666668,0.07197916666666666,0.068,48
XMS_Cami_dels_Nerets,2026-08-22,0.0,0.0,9.267,,,,,,,,,,,,,,,,,,,0.0,0.08218750000000001,0.07110416666666668,0.06747916666666667,48
XMS_Cami_dels_Nerets,2026-08-23,0.0,0.0,8.171,,,,,,,,,,,,,,,,,,,0.0,0.08277083333333334,0.07127083333333334,0.067,48
XMS_Cami_dels_Nerets,2026-08-24,9.84646628027344,11.307,24.512,,,,,,,,,,,,,,,,,,,15.2,0.08275,0.07139583333333334,0.067,48
XMS_Cami_dels_Nerets,2026-08-25,0.0,2.511,21.913,,,,,,,,,,,,,,,,,,,0.0,0.08202083333333333,0.07077083333333334,0.06702083333333334,48
XMS_Cami_dels_Nerets,2026-08-26,0.0,0.0,19.248,,,,,,,,,,,,,,,,,,,0.0,0.08225,0.07066666666666667,0.06679166666666667,48
XMS_Cami_dels_Nerets,2026-08-27,0.0,0.0,16.651,,,,,,,,,,,,,,,,,,,0.0,0.08333333333333333,0.07091666666666667,0.06625,48
XMS_Cami_dels_Nerets,2026-08-28,0.0,0.0,14.806,,,,,,,,,,,,,,,,,,,0.0,0.08379166666666667,0.0710625,0.06691666666666667,48
XMS_Cami_dels_Nerets,2026-08-29,0.0,0.0,13.153,,,,,,,,,,,,,,,,,,,0.0,0.08370833333333334,0.07083333333333335,0.066625,48
XMS_Cami_dels_Nerets,2026-08-30,0.0,0.0,11.645,,,,,,,,,,,,,,,,,,,0.0,0.08488636363636361,0.0713409090909091,0.06643181818181816,44
XMS_Cami_dels_Nerets,2026-08-31,0.0,0.0,10.334,,,,,,,,,,,,,,,,,,,0.0,0.08570833333333333,0.07170833333333333,0.06695833333333334,48
XMS_Cami_dels_Nerets,2026-09-01,0.0,0.0,9.266,,,,,,,,,,,,,,,,,,,0.0,0.08675,0.07208333333333333,0.067,48
XMS_Cami_dels_Nerets,2026-09-02,0.0,0.0,8.186,,,,,,,,,,,,,,,,,,,0.0,0.08749999999999998,0.07260416666666666,0.067,48
XMS_Cami_dels_Nerets,2026-09-03,0.0,0.0,7.166,,,,,,,,,,,,,,,,,,,0.0,0.08816666666666666,0.073,0.06702083333333334,48
XMS_Cami_dels_Nerets,2026-09-04,0.0,0.0,6.277,,,,,,,,,,,,,,,,,,,0.0,0.08854166666666667,0.0735625,0.06702083333333334,48
XMS_Cami_dels_Nerets,2026-09-05,0.0,0.0,5.486,,,,,,,,,,,,,,,,,,,0.0,0.08868749999999997,0.07352083333333333,0.067,48
XMS_Cami_dels_Nerets,2026-09-06,0.0,0.0,4.814,,,,,,,,,,,,,,,,,,,0.0,0.08837499999999998,0.0738125,0.06781250000000001,48
XMS_Cami_dels_Nerets,2026-09-07,0.0,0.0,4.222,,,,,,,,,,,,,,,,,,,0.0,0.08779166666666664,0.07356249999999999,0.06775,48
XMS_Cami_dels_Nerets,2026-09-08,0.17624868158908175,0.0,4.062,,,,,,,,,,,,,,,,,,,0.0,0.08691666666666664,0.07358333333333333,0.06777083333333334,48
XMS_Cami_dels_Nerets,2026-09-09,0.296843146080269,0.0,4.143,,,,,,,,,,,,,,,,,,,0.0,0.08585416666666663,0.07314583333333334,0.06735416666666667,48
XMS_Cami_dels_Nerets,2026-09-10,0.0,0.0,3.749,,,,,,,,,,,,,,,,,,,0.0,0.08416666666666667,0.07216666666666667,0.067,48
XMS_Cami_dels_Nerets,2026-09-11,0.0,0.0,3.308,,,,,,,,,,,,,,,,,,,0.0,0.08377083333333334,0.072,0.067,48
XMS_Cami_dels_Nerets,2026-09-12,0.0,0.0,2.914,,,,,,,,,,,,,,,,,,,0.0,0.08337500000000002,0.07195833333333333,0.067,48
XMS_Cami_dels_Nerets,2026-09-13,0.0,0.0,2.57,,,,,,,,,,,,,,,,,,,0.0,0.08331250000000001,0.07202083333333333,0.067,48
XMS_Cami_dels_Nerets,2026-09-14,0.0,0.0,2.248,,,,,,,,,,,,,,,,,,,0.0,0.08327083333333334,0.07216666666666667,0.067,48
XMS_Cami_dels_Nerets,2026-09-15,0.0,0.0,1.971,,,,,,,,,,,,,,,,,,,0.0,0.08322916666666667,0.07225,0.067,48
XMS_Cami_dels_Nerets,2026-09-16,0.07744934665472603,0.0,1.923,,,,,,,,,,,,,,,,,,,0.1,0.08237500000000002,0.07210416666666668,0.067,48
XMS_Cami_dels_Nerets,2026-09-17,0.0,0.0,1.727,,,,,,,,,,,,,,,,,,,0.0,0.08135416666666667,0.07154166666666666,0.06656250000000001,48
XMS_Cami_dels_Nerets,2026-09-18,0.0,0.0,1.54,,,,,,,,,,,,,,,,,,,0.0,0.08108333333333334,0.0714375,0.06604166666666667,48
