code,name,channel,model,n,pearson,spearman,change_r,first30_r,last30_r
RDS,Ribera de Sió,VWC_005,idw_simple_hg,60,,,,,
RDS,Ribera de Sió,VWC_005,idw_simple_pm,60,,,,,
RDS,Ribera de Sió,VWC_005,idw_regulated_hg,60,-0.037524174580669895,-0.3119564312521618,-0.168066633020308,-0.5995381611360591,0.6400154790092316
RDS,Ribera de Sió,VWC_005,idw_regulated_pm,60,-0.049709909011957334,-0.31334574465401527,-0.15712317692686556,-0.6040375699913021,0.6431194314689798
RDS,Ribera de Sió,VWC_005,gauge_recent_simple_hg,60,,,,,
RDS,Ribera de Sió,VWC_005,gauge_recent_simple_pm,60,,,,,
RDS,Ribera de Sió,VWC_005,gauge_recent_regulated_hg,60,-0.12151857027990506,-0.3976214956104423,-0.19787062640001235,-0.33467973174823684,0.7181398479407435
RDS,Ribera de Sió,VWC_005,gauge_recent_regulated_pm,60,-0.13700757317395917,-0.40584623094941447,-0.1854338966516316,-0.35795462132604794,0.7230990580226949
RDS,Ribera de Sió,VWC_020,idw_simple_hg,60,,,,,
RDS,Ribera de Sió,VWC_020,idw_simple_pm,60,,,,,
RDS,Ribera de Sió,VWC_020,idw_regulated_hg,60,-0.18004864565849665,-0.3460827767430858,-0.03054310381544666,-0.6982713040375379,0.7534980395767652
RDS,Ribera de Sió,VWC_020,idw_regulated_pm,60,-0.1953215562109033,-0.34825013576243224,-0.02701678672697369,-0.7081629412076679,0.7598069226991964
RDS,Ribera de Sió,VWC_020,gauge_recent_simple_hg,60,,,,,
RDS,Ribera de Sió,VWC_020,gauge_recent_simple_pm,60,,,,,
RDS,Ribera de Sió,VWC_020,gauge_recent_regulated_hg,60,-0.37203541763816594,-0.49243508385716306,-0.04064623542925351,-0.5627584349854473,0.7025167525306406
RDS,Ribera de Sió,VWC_020,gauge_recent_regulated_pm,60,-0.3908737925650984,-0.5002709203117235,-0.03812423849899398,-0.6005860762049757,0.7078832299502287
RDS,Ribera de Sió,VWC_050,idw_simple_hg,60,,,,,
RDS,Ribera de Sió,VWC_050,idw_simple_pm,60,,,,,
RDS,Ribera de Sió,VWC_050,idw_regulated_hg,60,0.0626200871098471,-0.32932667921210557,0.051764160581299644,-0.6794380780859628,0.8413787675644343
RDS,Ribera de Sió,VWC_050,idw_regulated_pm,60,0.049668060356040405,-0.3328884717713915,0.05275079950331407,-0.68711948273698,0.8475260132707956
RDS,Ribera de Sió,VWC_050,gauge_recent_simple_hg,60,,,,,
RDS,Ribera de Sió,VWC_050,gauge_recent_simple_pm,60,,,,,
RDS,Ribera de Sió,VWC_050,gauge_recent_regulated_hg,60,-0.22329431760368343,-0.46626090721402963,0.20478026142723058,-0.5012550360722081,0.7334086533362475
RDS,Ribera de Sió,VWC_050,gauge_recent_regulated_pm,60,-0.23817986659725815,-0.4759445307345884,0.2035622733039021,-0.5408274153025334,0.7377624181348108
CDLP,Clot de Les Peres,VWC_005,idw_simple_hg,15,,,,,
CDLP,Clot de Les Peres,VWC_005,idw_simple_pm,15,,,,,
CDLP,Clot de Les Peres,VWC_005,idw_regulated_hg,15,,,,,
CDLP,Clot de Les Peres,VWC_005,idw_regulated_pm,15,,,,,
CDLP,Clot de Les Peres,VWC_005,gauge_recent_simple_hg,15,,,,,
CDLP,Clot de Les Peres,VWC_005,gauge_recent_simple_pm,15,,,,,
CDLP,Clot de Les Peres,VWC_005,gauge_recent_regulated_hg,15,,,,,
CDLP,Clot de Les Peres,VWC_005,gauge_recent_regulated_pm,15,,,,,
CDLP,Clot de Les Peres,VWC_020,idw_simple_hg,60,0.254251302719689,0.29971064559126426,0.2778320981780155,,0.17673848109798757
CDLP,Clot de Les Peres,VWC_020,idw_simple_pm,60,0.2768723611900641,0.29971064559126426,0.3248512616958643,,0.20598850099109467
CDLP,Clot de Les Peres,VWC_020,idw_regulated_hg,60,0.45670852117513017,0.08152264517921647,0.4306621759684926,-0.8118057940264974,0.5026616559834329
CDLP,Clot de Les Peres,VWC_020,idw_regulated_pm,60,0.42233995912870265,0.04384551264240068,0.44283835555007317,-0.8092995850445881,0.4947960957256596
CDLP,Clot de Les Peres,VWC_020,gauge_recent_simple_hg,60,0.5094868443092886,0.42328791997201104,0.50003943269772,-0.18304232116020006,0.47591259076375503
CDLP,Clot de Les Peres,VWC_020,gauge_recent_simple_pm,60,0.502046360880301,0.37269805816600776,0.5136587872166716,-0.18304232116020006,0.4702032470469443
CDLP,Clot de Les Peres,VWC_020,gauge_recent_regulated_hg,60,0.7111250270567371,0.38971936649069194,0.5117133803270413,-0.690463778435137,0.6487986855647534
CDLP,Clot de Les Peres,VWC_020,gauge_recent_regulated_pm,60,0.6896951013232651,0.35693248124479027,0.5215377374369683,-0.690657764029396,0.6382876511212798
CDLP,Clot de Les Peres,VWC_050,idw_simple_hg,60,-0.202187213261622,-0.18950776216079937,0.11478767952278479,,-0.3142427589898998
CDLP,Clot de Les Peres,VWC_050,idw_simple_pm,60,-0.19904296686448542,-0.18950776216079937,0.15235888128129366,,-0.31360513609563745
CDLP,Clot de Les Peres,VWC_050,idw_regulated_hg,60,-0.390337890386498,-0.5015282022784109,0.19875315568759516,-0.4979125842790275,-0.5686549822875612
CDLP,Clot de Les Peres,VWC_050,idw_regulated_pm,60,-0.410629448504922,-0.5293136982495139,0.2082020515193781,-0.4854608821627504,-0.5747205722170521
CDLP,Clot de Les Peres,VWC_050,gauge_recent_simple_hg,60,-0.19144499290550102,-0.261421791703634,0.2549691252564432,-0.0430521747434722,-0.3527681385873286
CDLP,Clot de Les Peres,VWC_050,gauge_recent_simple_pm,60,-0.19020249667445174,-0.2645468431057996,0.26771575832281924,-0.0430521747434722,-0.3483299939669432
CDLP,Clot de Les Peres,VWC_050,gauge_recent_regulated_hg,60,-0.22098965577729868,-0.2539594331758822,0.24720381406250325,-0.7918657858362241,-0.4013861652540598
CDLP,Clot de Les Peres,VWC_050,gauge_recent_regulated_pm,60,-0.2423043459664907,-0.2949708252292304,0.25435639893158785,-0.7811329620329788,-0.4128799910898714
SCA,Serra de Costa Ampla,VWC_005,idw_simple_hg,60,0.025059270995290997,0.1660890732279204,-0.20751159038329225,,-0.07629405008635767
SCA,Serra de Costa Ampla,VWC_005,idw_simple_pm,60,-0.007489599313421982,0.10665474422422958,-0.22217660195827404,,-0.10835388309628813
SCA,Serra de Costa Ampla,VWC_005,idw_regulated_hg,60,0.3476101400274263,0.21961961129670574,-0.16985443449491536,-0.6535403754763189,0.3321080307480566
SCA,Serra de Costa Ampla,VWC_005,idw_regulated_pm,60,0.31847235574081456,0.2023367926951684,-0.18113533871582144,-0.6504092449993559,0.299313607310229
SCA,Serra de Costa Ampla,VWC_005,gauge_recent_simple_hg,60,0.20119989274591582,0.16799740780199046,-0.12254074569902255,,0.09471138782865755
SCA,Serra de Costa Ampla,VWC_005,gauge_recent_simple_pm,60,0.16322834664850341,0.22579955392899598,-0.13561580146969904,,0.055667436017131165
SCA,Serra de Costa Ampla,VWC_005,gauge_recent_regulated_hg,60,0.42010606004457063,0.2120896372757787,-0.12048626992657296,-0.5703307489750367,0.3480405328198041
SCA,Serra de Costa Ampla,VWC_005,gauge_recent_regulated_pm,60,0.3936027691625961,0.21411800666148967,-0.1316868094853652,-0.5692363497805857,0.31406507045751814
SCA,Serra de Costa Ampla,VWC_020,idw_simple_hg,60,0.4670170123286,0.4873796326212626,0.35582272945652715,,0.39575480481910164
SCA,Serra de Costa Ampla,VWC_020,idw_simple_pm,60,0.43434653882559593,0.4406463943438007,0.36069320048806464,,0.3624625284166539
SCA,Serra de Costa Ampla,VWC_020,idw_regulated_hg,60,0.7616545003544455,0.4375164979096569,0.4410797042919064,-0.6505642348874158,0.7503786227749867
SCA,Serra de Costa Ampla,VWC_020,idw_regulated_pm,60,0.7392390634546222,0.4033676489365229,0.44527280424445603,-0.6473930625779152,0.7293359085447281
SCA,Serra de Costa Ampla,VWC_020,gauge_recent_simple_hg,60,0.6392482805975545,0.543446160086742,0.4114684927166335,,0.5620116806592707
SCA,Serra de Costa Ampla,VWC_020,gauge_recent_simple_pm,60,0.6071918658522414,0.5532994904627732,0.4103539045251807,,0.5298244739107334
SCA,Serra de Costa Ampla,VWC_020,gauge_recent_regulated_hg,60,0.8358568013219787,0.6318787424719616,0.4466674680598353,-0.5487838070911917,0.7610585084169921
SCA,Serra de Costa Ampla,VWC_020,gauge_recent_regulated_pm,60,0.8176969678106548,0.6212645355494741,0.45012501393866616,-0.5480794041626276,0.7394722776836533
SCA,Serra de Costa Ampla,VWC_050,idw_simple_hg,60,0.16350684345495659,0.2744655503464563,-0.00032212173696802293,,0.007834085529054957
SCA,Serra de Costa Ampla,VWC_050,idw_simple_pm,60,0.13521674783506576,0.205200155387567,0.005594404866703873,,-0.019171236656763763
SCA,Serra de Costa Ampla,VWC_050,idw_regulated_hg,60,0.4400151548467657,0.28120093943316166,0.0911215082823051,-0.662544051206256,0.3507443364043857
SCA,Serra de Costa Ampla,VWC_050,idw_regulated_pm,60,0.40987787788310037,0.24530058234347343,0.09420438088832275,-0.6569359672536785,0.3209642176790545
SCA,Serra de Costa Ampla,VWC_050,gauge_recent_simple_hg,60,0.31264983015585845,0.24319334607229529,0.0865648316794927,,0.13628833041381733
SCA,Serra de Costa Ampla,VWC_050,gauge_recent_simple_pm,60,0.28361517837802586,0.3001274038303772,0.08736876433302927,,0.11005966386424294
SCA,Serra de Costa Ampla,VWC_050,gauge_recent_regulated_hg,60,0.5327017509868421,0.41724439787829604,0.11740829256405509,-0.5486430036796536,0.34558154582277123
SCA,Serra de Costa Ampla,VWC_050,gauge_recent_regulated_pm,60,0.5048734417653613,0.4036567240262391,0.11895719465522638,-0.5460903646303839,0.31445013534695976
CMN,Camí dels Nerets,VWC_005,idw_simple_hg,60,-0.12426195751919518,-0.1667802928403829,0.13177084390816488,-0.17171942704244034,-0.19210797619020334
CMN,Camí dels Nerets,VWC_005,idw_simple_pm,60,-0.13630967906559568,-0.2268557689234492,0.12205547548292209,-0.1792103339460744,-0.21821071245154433
CMN,Camí dels Nerets,VWC_005,idw_regulated_hg,60,-0.29620499703975184,-0.2010336492481866,-0.10815242608562912,-0.5510403265307605,-0.20127197224415416
CMN,Camí dels Nerets,VWC_005,idw_regulated_pm,60,-0.28250567011515415,-0.20236739011396587,-0.11569264285696715,-0.5255761769930755,-0.1890071324562818
CMN,Camí dels Nerets,VWC_020,idw_simple_hg,60,-0.11098655893028711,-0.15862738860317133,0.22137005407334687,-0.013769803982580289,-0.19104579572425914
CMN,Camí dels Nerets,VWC_020,idw_simple_pm,60,-0.13323459850253885,-0.19766790045848695,0.2143467660929718,-0.020975116685243718,-0.22603595353269323
CMN,Camí dels Nerets,VWC_020,idw_regulated_hg,60,-0.6872149102164073,-0.7186405868882355,0.04846618276876955,-0.8096872450268053,-0.5766744614679438
CMN,Camí dels Nerets,VWC_020,idw_regulated_pm,60,-0.689248093367012,-0.7262268704898165,0.03858856272826967,-0.8227482926621938,-0.5654600529949529
CMN,Camí dels Nerets,VWC_050,idw_simple_hg,60,-0.008782099762358553,-0.0011100271575284716,0.08160492810141803,0.24492102570176064,-0.027573016255696185
CMN,Camí dels Nerets,VWC_050,idw_simple_pm,60,-0.01794593322439335,0.03402993509198779,0.09218502655917199,0.23579088234843026,-0.02901971892334381
CMN,Camí dels Nerets,VWC_050,idw_regulated_hg,60,-0.03150292883491008,-0.0909767350451708,0.020655453910312517,0.015344809466070537,-0.15079386527777172
CMN,Camí dels Nerets,VWC_050,idw_regulated_pm,60,-0.03233370548762331,-0.09245807666034563,0.02009701752702457,-0.002450798081962309,-0.14042411123756499
EBX,El Boixer,VWC_005,idw_simple_hg,60,0.6721597312972523,0.7219570458919595,0.17167548880555422,0.7938431372146689,0.7397284296811453
EBX,El Boixer,VWC_005,idw_simple_pm,60,0.6698258387894511,0.7169309991379901,0.17201770120291615,0.798222072262949,0.7444135028079502
EBX,El Boixer,VWC_005,idw_regulated_hg,60,0.7518748637452319,0.7949986107252016,0.28282096917719507,0.8772673090541473,0.7362266488557431
EBX,El Boixer,VWC_005,idw_regulated_pm,60,0.7413341891750713,0.7824395665462629,0.2850845797969884,0.8761992739996073,0.7340233147689509
EBX,El Boixer,VWC_005,gauge_recent_simple_hg,60,0.8244937786890358,0.8578108548222602,0.4588549467490436,0.8120826227270272,0.8350026734172249
EBX,El Boixer,VWC_005,gauge_recent_simple_pm,60,0.8295930411648509,0.8692934082230881,0.4541417604497411,0.8364325960781226,0.8348125060180066
EBX,El Boixer,VWC_005,gauge_recent_regulated_hg,60,0.903702061651741,0.922311753264796,0.4880708622891394,0.9357126210467727,0.8521622461771999
EBX,El Boixer,VWC_005,gauge_recent_regulated_pm,60,0.9000806080807502,0.9167546540705753,0.48504374658724475,0.9352106509588645,0.8428466691376894
EBX,El Boixer,VWC_020,idw_simple_hg,60,0.38035863961482375,0.39987206774887707,0.16939303606594006,0.6465303875033903,0.7735283351879972
EBX,El Boixer,VWC_020,idw_simple_pm,60,0.3664227385247809,0.36960346537468686,0.17792543800814564,0.643564690547688,0.7721436896824836
EBX,El Boixer,VWC_020,idw_regulated_hg,60,0.43476622459103453,0.47533308330626833,0.17747315793070625,0.5620365599236224,0.819527993254936
EBX,El Boixer,VWC_020,idw_regulated_pm,60,0.4195887707232254,0.4615234999542361,0.1868394691926816,0.5636878661938445,0.8236883209290715
EBX,El Boixer,VWC_020,gauge_recent_simple_hg,60,0.7011975255923755,0.5929043447076667,0.2781403845478002,0.5149830693528319,0.8382386289427242
EBX,El Boixer,VWC_020,gauge_recent_simple_pm,60,0.6660133657726521,0.5507039174988239,0.28260995619115925,0.49755483320001953,0.8312246732272255
EBX,El Boixer,VWC_020,gauge_recent_regulated_hg,60,0.7332381392007359,0.7363258728950786,0.20284297339696156,0.6966586389018414,0.7660806398779763
EBX,El Boixer,VWC_020,gauge_recent_regulated_pm,60,0.7149134189307503,0.7143194543542143,0.21217108009576746,0.6945675347214282,0.7770405492256878
EBX,El Boixer,VWC_050,idw_simple_hg,60,0.546381956091192,0.4646783307981982,-0.06099559286799963,0.5503958209153079,0.7242665201118257
EBX,El Boixer,VWC_050,idw_simple_pm,60,0.5393703276957986,0.46387094260055695,-0.0629268784560558,0.5482327476550728,0.7234317019302251
EBX,El Boixer,VWC_050,idw_regulated_hg,60,0.49977920165798395,0.42510976753475216,-0.07641569529896772,0.4286843966100944,0.7275042919496236
EBX,El Boixer,VWC_050,idw_regulated_pm,60,0.4965756308213429,0.43136219907451684,-0.07653026428974227,0.43701874574731014,0.7214424641129871
EBX,El Boixer,VWC_050,gauge_recent_simple_hg,60,0.45603757403695067,0.40986196637442857,-0.05829073775123535,0.21599458760349283,0.6544327324264192
EBX,El Boixer,VWC_050,gauge_recent_simple_pm,60,0.43777614022691225,0.4063935000112827,-0.059977960265740385,0.19738940932782262,0.6496974102933715
EBX,El Boixer,VWC_050,gauge_recent_regulated_hg,60,0.5799142749499123,0.5294559027872685,-0.05479425552634781,0.46004236666873355,0.6719535033019708
EBX,El Boixer,VWC_050,gauge_recent_regulated_pm,60,0.5804727139439447,0.5370699749734708,-0.05758577027975164,0.4662100922647334,0.6711451452683157
LCS,Los Coscolls,VWC_005,idw_simple_hg,60,0.014792165089891868,0.08038424215358587,-0.2909636850279991,-0.06274510501870992,0.13937903769235002
LCS,Los Coscolls,VWC_005,idw_simple_pm,60,0.011709681685569032,0.08038424215358587,-0.3070582853520713,-0.06729408682146601,0.13937903769235002
LCS,Los Coscolls,VWC_005,idw_regulated_hg,60,0.6770334204504884,0.8271138406594016,-0.0674175066086787,0.689799309313059,0.6859301261763959
LCS,Los Coscolls,VWC_005,idw_regulated_pm,60,0.6871194546107631,0.8323376590503705,-0.05322022909001884,0.7002538391756905,0.6949051864160747
LCS,Los Coscolls,VWC_005,gauge_recent_simple_hg,60,-0.11211602731447712,-0.041713465390603055,-0.4264356079015036,-0.14665318352868975,0.13937903769235002
LCS,Los Coscolls,VWC_005,gauge_recent_simple_pm,60,-0.09808362256560167,-0.041713465390603055,-0.3791948621298925,-0.13720057677680705,0.13937903769235
LCS,Los Coscolls,VWC_005,gauge_recent_regulated_hg,60,0.6179177080453451,0.789268943592915,-0.05524351103003243,0.5751844533743526,0.7936511682529455
LCS,Los Coscolls,VWC_005,gauge_recent_regulated_pm,60,0.628978159507803,0.7917697077162512,-0.03838923263676999,0.5888227332587773,0.7988399604627922
LCS,Los Coscolls,VWC_020,idw_simple_hg,60,0.12449554755475879,0.2928104734219364,-0.3000475200349413,0.16592989995558838,0.13768392230922785
LCS,Los Coscolls,VWC_020,idw_simple_pm,60,0.1181170953834408,0.2928104734219364,-0.3151082178154813,0.15148567502214966,0.13768392230922785
LCS,Los Coscolls,VWC_020,idw_regulated_hg,60,0.6615836691350578,0.7953153003726731,-0.13848260662702247,0.7084294434701913,0.43126043538921266
LCS,Los Coscolls,VWC_020,idw_regulated_pm,60,0.6628510556910981,0.8013170508838179,-0.1283392487819153,0.7116857748234855,0.4345944325400088
LCS,Los Coscolls,VWC_020,gauge_recent_simple_hg,60,0.008036820049811662,0.22982549455653967,-0.5180879607869762,-0.050336680952824064,0.13768392230922785
LCS,Los Coscolls,VWC_020,gauge_recent_simple_pm,60,0.09103809999699557,0.22982549455653967,-0.43327184538238195,0.03822831100174183,0.13768392230922785
LCS,Los Coscolls,VWC_020,gauge_recent_regulated_hg,60,0.7085884341287806,0.8177385071434778,-0.054298759230648364,0.7592917956751701,0.6127133143403528
LCS,Los Coscolls,VWC_020,gauge_recent_regulated_pm,60,0.7152525076597905,0.8197390906471929,-0.03789175719174001,0.7679118617962688,0.6075716749916502
LCS,Los Coscolls,VWC_050,idw_simple_hg,60,0.181604028146314,0.2474646475918883,-0.17676836669414125,0.27988390927317974,0.021006946027360494
LCS,Los Coscolls,VWC_050,idw_simple_pm,60,0.1850715752478982,0.2474646475918883,-0.1805170915881487,0.28101408202299977,0.021006946027360487
LCS,Los Coscolls,VWC_050,idw_regulated_hg,60,0.3743896861730874,0.2965464705426869,0.05027102559231786,0.3511216437929827,0.15315445669530478
LCS,Los Coscolls,VWC_050,idw_regulated_pm,60,0.3717265567008056,0.2947119905487027,0.05927009678079806,0.3494338080299258,0.1477177885546706
LCS,Los Coscolls,VWC_050,gauge_recent_simple_hg,60,0.26823900242332066,0.1961969178641122,-0.23198352662801616,0.24973129709363603,0.021006946027360487
LCS,Los Coscolls,VWC_050,gauge_recent_simple_pm,60,0.39851818669210065,0.1961969178641122,-0.07754411646533305,0.3975566795168935,0.021006946027360487
LCS,Los Coscolls,VWC_050,gauge_recent_regulated_hg,60,0.5607658190940332,0.34593845462314,0.2186263376873928,0.5889811221644088,0.3465531103390207
LCS,Los Coscolls,VWC_050,gauge_recent_regulated_pm,60,0.5586334691189232,0.34780072976854826,0.23134188041998563,0.5862933403124347,0.33119017488645275
PSN,Pessonada,VWC_005,idw_simple_hg,58,0.6121287365087219,0.4094028726798498,0.33870008028562315,-0.05246952233788493,0.7533841426400423
PSN,Pessonada,VWC_005,idw_simple_pm,58,0.6050356561843633,0.3662353302688843,0.3525569263266801,-0.052469522337884926,0.7455652998276084
PSN,Pessonada,VWC_005,idw_regulated_hg,58,0.740801440119033,0.6750438340151959,0.3543776382782088,0.3813786873641387,0.9029618201520493
PSN,Pessonada,VWC_005,idw_regulated_pm,58,0.7441075715885248,0.6863637761850565,0.3669259985916291,0.3869778172724058,0.9011764093547272
PSN,Pessonada,VWC_020,idw_simple_hg,58,0.5340487982801105,0.45291379335067483,0.2503157012375463,-0.0023159437724945037,0.4922069072183701
PSN,Pessonada,VWC_020,idw_simple_pm,58,0.521302941427329,0.4035275132233826,0.2676288182597241,-0.0023159437724945033,0.48168186326397733
PSN,Pessonada,VWC_020,idw_regulated_hg,58,0.792955054308854,0.696699375557538,0.28889008167263147,0.507950662784307,0.7449966524334871
PSN,Pessonada,VWC_020,idw_regulated_pm,58,0.7839766411227378,0.6969454612568827,0.30187108195282186,0.513013668196924,0.7354004928193651
PSN,Pessonada,VWC_050,idw_simple_hg,58,0.09349961940524398,0.3005346154598583,-0.2968526119598155,0.21122670097949806,-0.22886507934621209
PSN,Pessonada,VWC_050,idw_simple_pm,58,0.07903011005461534,0.24381274127562136,-0.3007796197472601,0.21122670097949803,-0.23967082650406837
PSN,Pessonada,VWC_050,idw_regulated_hg,58,0.45668984160097265,0.6790643100818763,-0.14288807176509005,0.7113303668695248,0.04741363272148574
PSN,Pessonada,VWC_050,idw_regulated_pm,58,0.43373050107644867,0.6653635657045444,-0.15024160215125903,0.7111504615317797,0.0276878261756111
BDS,Batlliu de Sort,VWC_005,idw_simple_hg,60,0.31238703691087133,0.36406106492551893,0.1391643864707628,0.6834359595238488,0.3321047355380478
BDS,Batlliu de Sort,VWC_005,idw_simple_pm,60,0.48517387414134017,0.5632357921361784,0.16297305493552944,0.8058213235567853,0.5200437521576692
BDS,Batlliu de Sort,VWC_005,idw_regulated_hg,60,0.7644538556577247,0.818488725957371,0.23144718436139705,0.832385608929879,0.8975839727684318
BDS,Batlliu de Sort,VWC_005,idw_regulated_pm,60,0.7962622298818871,0.8279359258360248,0.2501650995768329,0.8524178436424215,0.8995851879298492
BDS,Batlliu de Sort,VWC_005,gauge_recent_simple_hg,60,0.881589012489869,0.8824927880890696,0.2712494760272712,0.8909212699749935,0.8543394938429281
BDS,Batlliu de Sort,VWC_005,gauge_recent_simple_pm,60,0.9015155943455306,0.8825777500244358,0.30288165716229426,0.9173816390233417,0.9105733048008229
BDS,Batlliu de Sort,VWC_005,gauge_recent_regulated_hg,60,0.8397163877057439,0.8720599064457375,0.23733340342047893,0.8657758380673719,0.8318505478359173
BDS,Batlliu de Sort,VWC_005,gauge_recent_regulated_pm,60,0.845685117838956,0.8810347463304588,0.2547641971681296,0.8799412994786509,0.8584561436734731
BDS,Batlliu de Sort,VWC_020,idw_simple_hg,60,0.4069526460500766,0.4003998690598914,0.2116024797323848,0.7794154021124715,0.26188917472970596
BDS,Batlliu de Sort,VWC_020,idw_simple_pm,60,0.5777643995518468,0.5705241593962925,0.25834649263638254,0.8671666269247387,0.5665281056803206
BDS,Batlliu de Sort,VWC_020,idw_regulated_hg,60,0.7811139100145046,0.7875184087065797,0.2519037573573007,0.8487162715040213,0.8516630006974786
BDS,Batlliu de Sort,VWC_020,idw_regulated_pm,60,0.8051974086812522,0.8024118483744482,0.27075426760507365,0.8603880527236273,0.8567722991739202
BDS,Batlliu de Sort,VWC_020,gauge_recent_simple_hg,60,0.8811925049350116,0.9083694964737974,0.37700803062579347,0.9227857394823975,0.8628289474445271
BDS,Batlliu de Sort,VWC_020,gauge_recent_simple_pm,60,0.8944378172675628,0.9255502874272963,0.3616529866354807,0.9360074938621434,0.8954632564527049
BDS,Batlliu de Sort,VWC_020,gauge_recent_regulated_hg,60,0.8376765735027252,0.8826585904655004,0.3520184619348925,0.8782858221477501,0.8777945562382253
BDS,Batlliu de Sort,VWC_020,gauge_recent_regulated_pm,60,0.8401512366793532,0.8996082139681119,0.3517163214502538,0.8856636090935907,0.8974446263676934
BDS,Batlliu de Sort,VWC_050,idw_simple_hg,60,0.024409352663353083,0.13427256755470257,-0.06884551940777241,0.5613395164173807,0.19128505493714898
BDS,Batlliu de Sort,VWC_050,idw_simple_pm,60,0.1831882089663076,0.3089161612582984,-0.027588897393116034,0.7166492406524001,0.3525275350566443
BDS,Batlliu de Sort,VWC_050,idw_regulated_hg,60,0.5524998951468644,0.6709828005591167,0.040222529017598214,0.7688831061679311,0.8003816261129308
BDS,Batlliu de Sort,VWC_050,idw_regulated_pm,60,0.5990268595372212,0.685765095154837,0.0694358967160281,0.7981919585661477,0.8013280610248594
BDS,Batlliu de Sort,VWC_050,gauge_recent_simple_hg,60,0.869700198037992,0.859431829737176,0.20303272886077534,0.8302779047590019,0.8781403928178652
BDS,Batlliu de Sort,VWC_050,gauge_recent_simple_pm,60,0.8516640732450826,0.8294917838152164,0.20503544879594232,0.8733328408592029,0.8871223001220118
BDS,Batlliu de Sort,VWC_050,gauge_recent_regulated_hg,60,0.8505059466220243,0.85053766461465,0.1873506972646308,0.8284018459191935,0.81823559284776
BDS,Batlliu de Sort,VWC_050,gauge_recent_regulated_pm,60,0.8410282348396473,0.8367834619363013,0.19103948200434606,0.8503635077724877,0.8152813154712784
CDPA,Coll de Paller,VWC_005,idw_simple_hg,56,-0.23141817713477947,-0.2191409725152798,-0.21669907340292563,-0.255325986262852,-0.039981964035990226
CDPA,Coll de Paller,VWC_005,idw_simple_pm,56,-0.20289878614284743,-0.21818922019165204,-0.21843880781339978,-0.25512116686296055,-0.03823329984121061
CDPA,Coll de Paller,VWC_005,idw_regulated_hg,56,0.049820854347815906,0.18422311889373877,-0.2161922790674096,0.005454428644294262,0.17367326441884684
CDPA,Coll de Paller,VWC_005,idw_regulated_pm,56,0.05792479432962479,0.1938615084165652,-0.2151710623080679,-0.011857479517152979,0.21333901560945814
CDPA,Coll de Paller,VWC_020,idw_simple_hg,56,0.2177586011356079,0.3045451294651622,0.24384339689825626,0.3494734027941349,0.26937851341305996
CDPA,Coll de Paller,VWC_020,idw_simple_pm,56,0.1946884328318714,0.2984780194640984,0.2347614343148985,0.29313426938407633,0.27522070981791147
CDPA,Coll de Paller,VWC_020,idw_regulated_hg,56,0.7570837937865083,0.8243476478928795,0.3829007349826721,0.835152301986304,0.8485130101705882
CDPA,Coll de Paller,VWC_020,idw_regulated_pm,56,0.7519114491898481,0.8240400554869495,0.3834416709524645,0.8209648812257189,0.8457629212322924
CDPA,Coll de Paller,VWC_050,idw_simple_hg,56,0.19730213136397556,0.3417805300599262,0.11524034896188437,0.32764204251047924,0.26851677324511475
CDPA,Coll de Paller,VWC_050,idw_simple_pm,56,0.17884595036129547,0.33690304947083566,0.11907844428091527,0.28035646477105164,0.27388614956589097
CDPA,Coll de Paller,VWC_050,idw_regulated_hg,56,0.7449926663445998,0.9008356261675173,0.2637653350735691,0.8516001601952843,0.7946364896395834
CDPA,Coll de Paller,VWC_050,idw_regulated_pm,56,0.7398430027255465,0.9042191426327493,0.2649865695387366,0.8403262533153837,0.7964883778064418
LCDA,La Cultia d'Àreu,VWC_005,idw_simple_hg,60,0.5387912145543665,0.6484083567129522,0.02576446632759752,0.47425059530400393,0.7310086365960506
LCDA,La Cultia d'Àreu,VWC_005,idw_simple_pm,60,0.6271086668266862,0.7898566792951777,0.08059498198782164,0.6581992573449524,0.7242590731684633
LCDA,La Cultia d'Àreu,VWC_005,idw_regulated_hg,60,0.9189835181436032,0.9236454570714089,0.2148021389463566,0.9182965784867583,0.9738771822309116
LCDA,La Cultia d'Àreu,VWC_005,idw_regulated_pm,60,0.9416682986111913,0.9396499027507642,0.2328131440599291,0.9261252374730407,0.9836944499935492
LCDA,La Cultia d'Àreu,VWC_005,gauge_recent_simple_hg,60,0.8482188107459239,0.857855788118747,0.3633370431012863,0.8708256823828922,0.888537244292015
LCDA,La Cultia d'Àreu,VWC_005,gauge_recent_simple_pm,60,0.8981477138172616,0.8972115738365868,0.37296697642956506,0.8862135472140478,0.9389774500192871
LCDA,La Cultia d'Àreu,VWC_005,gauge_recent_regulated_hg,60,0.8192172774478834,0.8476243400944709,0.3151075731202208,0.8595820445379128,0.9138472662680099
LCDA,La Cultia d'Àreu,VWC_005,gauge_recent_regulated_pm,60,0.8790975447464766,0.9030841900527927,0.32319391673103104,0.8744363700901177,0.9649507072722603
LCDA,La Cultia d'Àreu,VWC_020,idw_simple_hg,60,0.5297482652904343,0.645858443081338,0.013086677688714209,0.47555320391049927,0.6844295158529162
LCDA,La Cultia d'Àreu,VWC_020,idw_simple_pm,60,0.6103060508579718,0.7919700337323705,0.05752938060697738,0.6435207328950273,0.6779875374396189
LCDA,La Cultia d'Àreu,VWC_020,idw_regulated_hg,60,0.9063599700486338,0.9086539130345231,0.1971712686571991,0.9047284306739124,0.9775609340033855
LCDA,La Cultia d'Àreu,VWC_020,idw_regulated_pm,60,0.928060717965464,0.9260478751640445,0.2146011231591011,0.9088400722707657,0.9837612442703042
LCDA,La Cultia d'Àreu,VWC_020,gauge_recent_simple_hg,60,0.8953656890414232,0.8759849982096641,0.4603541084857313,0.942245249643235,0.9146212797577076
LCDA,La Cultia d'Àreu,VWC_020,gauge_recent_simple_pm,60,0.9453104242798634,0.9205814089623517,0.4767659290300422,0.9536635447653958,0.9593174694560624
LCDA,La Cultia d'Àreu,VWC_020,gauge_recent_regulated_hg,60,0.8654202481909685,0.8579724642737447,0.4472887377820012,0.9369410278429964,0.9360628369172319
LCDA,La Cultia d'Àreu,VWC_020,gauge_recent_regulated_pm,60,0.9253418221052371,0.9211297740507454,0.45991019270773403,0.9474444720161659,0.9793831145847123
LCDA,La Cultia d'Àreu,VWC_050,idw_simple_hg,60,0.37930789182759095,0.5048442819013659,-0.05998567405058991,0.4383401150343145,0.5918937202462661
LCDA,La Cultia d'Àreu,VWC_050,idw_simple_pm,60,0.442997214416304,0.6373694657019909,-0.01831164213400313,0.6211176566040165,0.58507668687241
LCDA,La Cultia d'Àreu,VWC_050,idw_regulated_hg,60,0.9181133980785168,0.9097080347437737,0.16521972917687447,0.9080305069850366,0.9764236528036165
LCDA,La Cultia d'Àreu,VWC_050,idw_regulated_pm,60,0.9010640911994756,0.9138236057269026,0.1824759217532125,0.9167362337679907,0.9687641131408665
LCDA,La Cultia d'Àreu,VWC_050,gauge_recent_simple_hg,60,0.9147076072601281,0.8249624610295093,0.27533400096513616,0.8930581097231577,0.9692820847189711
LCDA,La Cultia d'Àreu,VWC_050,gauge_recent_simple_pm,60,0.9063092064063767,0.8446004394079759,0.303002525779166,0.9098017286892561,0.9925199746930204
LCDA,La Cultia d'Àreu,VWC_050,gauge_recent_regulated_hg,60,0.920040526309678,0.8429968537402183,0.21877431999656524,0.8876156336079327,0.9778897317473425
LCDA,La Cultia d'Àreu,VWC_050,gauge_recent_regulated_pm,60,0.9226561509612106,0.8674678163426062,0.24006781985789047,0.9027289684267716,0.9948652717647751
EML,El Miracle,VWC_005,idw_simple_hg,60,-0.15489881828740557,-0.0008488106893404097,-0.0653411748574047,-0.2960227735765411,
EML,El Miracle,VWC_005,idw_simple_pm,60,-0.12951178828857388,-0.0008488106893404097,-0.0663410656398899,-0.26328615216627926,
EML,El Miracle,VWC_005,idw_regulated_hg,60,0.3604314863186922,0.36048628082815093,-0.171971650876797,0.18038060200650186,0.7097362269423009
EML,El Miracle,VWC_005,idw_regulated_pm,60,0.38016756059181045,0.3795484552402463,-0.16427587564507629,0.19788984167404955,0.7284723943396652
EML,El Miracle,VWC_005,gauge_recent_simple_hg,60,-0.1724585214620272,-0.146601520626135,-0.0634857609154255,-0.31694629572615607,
EML,El Miracle,VWC_005,gauge_recent_simple_pm,60,-0.17245852146202717,-0.146601520626135,-0.06348576091542552,-0.31694629572615607,
EML,El Miracle,VWC_005,gauge_recent_regulated_hg,60,-0.010825753458076588,0.25736714198954247,-0.27234915771262913,-0.3512397080504114,0.6906873445759043
EML,El Miracle,VWC_005,gauge_recent_regulated_pm,60,0.013800958720807492,0.26653699265425296,-0.26906172082363455,-0.3295827269665328,0.7095264077110865
EML,El Miracle,VWC_020,idw_simple_hg,60,0.13398797984767002,0.17780844354432793,-0.3587315163026808,0.040329710601151064,
EML,El Miracle,VWC_020,idw_simple_pm,60,0.1379996068874264,0.17780844354432793,-0.34332784334427746,0.024170725302309508,
EML,El Miracle,VWC_020,idw_regulated_hg,60,0.40199950776537324,0.22336153941107753,0.1310010509736529,0.18102919261611983,0.6538222312487074
EML,El Miracle,VWC_020,idw_regulated_pm,60,0.390922394118851,0.22438970275497028,0.13886792992068545,0.16952947782000885,0.6685473763456851
EML,El Miracle,VWC_020,gauge_recent_simple_hg,60,0.1286247681345556,0.16164206601512934,-0.36515153833501285,0.05239591326860942,
EML,El Miracle,VWC_020,gauge_recent_simple_pm,60,0.1286247681345556,0.16164206601512934,-0.3651515383350128,0.05239591326860941,
EML,El Miracle,VWC_020,gauge_recent_regulated_hg,60,0.6064766126993411,0.28341183633411043,0.21561073063183084,0.6346627444770649,0.6184546137229603
EML,El Miracle,VWC_020,gauge_recent_regulated_pm,60,0.6109374405900169,0.2901643685656223,0.22518189137283856,0.6325108173365938,0.6347121801940878
EML,El Miracle,VWC_050,idw_simple_hg,60,0.1340908591085868,0.17226313098153379,0.18429337299632786,0.049788721192346036,
EML,El Miracle,VWC_050,idw_simple_pm,60,0.13777383194857984,0.17226313098153379,0.19574296576994796,0.036854678219398564,
EML,El Miracle,VWC_050,idw_regulated_hg,60,-0.09566609191162992,-0.1741221904255796,0.09360215530131887,-0.6019639643258295,0.0333541407157332
EML,El Miracle,VWC_050,idw_regulated_pm,60,-0.10930719083173437,-0.1674497769333013,0.09059280373459555,-0.6109424349054475,0.0379848021551414
EML,El Miracle,VWC_050,gauge_recent_simple_hg,60,0.12898604580587364,0.1466769470925922,0.17220131878740502,0.05915912801143217,
EML,El Miracle,VWC_050,gauge_recent_simple_pm,60,0.12898604580587364,0.1466769470925922,0.17220131878740505,0.05915912801143216,
EML,El Miracle,VWC_050,gauge_recent_regulated_hg,60,0.04594428280780406,-0.12794352871443673,0.13514727653146605,-0.33977191543817536,-8.43639531915713e-05
EML,El Miracle,VWC_050,gauge_recent_regulated_pm,60,0.039282525782339504,-0.12202176174003973,0.13270522724022296,-0.3596004498660899,0.006089277565402965
BCLL,Borda Coll,VWC_005,idw_simple_hg,55,0.40359982008500783,0.5708390871489725,0.24167114739963091,0.5840352725024747,0.7117855808389453
BCLL,Borda Coll,VWC_005,idw_simple_pm,55,0.5768009151628433,0.666334160249431,0.3030890451571303,0.713860777233313,0.8656264155690487
BCLL,Borda Coll,VWC_005,idw_regulated_hg,55,0.6240029863165278,0.7749639249639251,0.27183514891867905,0.6420446619899178,0.9842714384885782
BCLL,Borda Coll,VWC_005,idw_regulated_pm,55,0.6817326098709906,0.785858585858586,0.3068507333145027,0.6980099699523901,0.9878147342222541
BCLL,Borda Coll,VWC_020,idw_simple_hg,55,0.33982803370371706,0.4807818369304179,0.2114182152641534,0.6366788621476858,0.47431711736151816
BCLL,Borda Coll,VWC_020,idw_simple_pm,55,0.49733929999395216,0.6001441003721255,0.26446604749547936,0.7584981433224054,0.6631793490675514
BCLL,Borda Coll,VWC_020,idw_regulated_hg,55,0.5919022241098739,0.7252426138418432,0.21543724372808273,0.6740700990361128,0.9459337190897711
BCLL,Borda Coll,VWC_020,idw_regulated_pm,55,0.646563867061073,0.7345863852682492,0.24670074596379926,0.7277981426033746,0.9456732018458616
BCLL,Borda Coll,VWC_050,idw_simple_hg,55,0.4675634883852599,0.6440872375040688,0.5559272603502652,0.81072961716563,0.4632655589416337
BCLL,Borda Coll,VWC_050,idw_simple_pm,55,0.5789485024498005,0.7363029137281393,0.584228216220934,0.8961209131412953,0.657367263998128
BCLL,Borda Coll,VWC_050,idw_regulated_hg,55,0.7055535350368828,0.8225314766668494,0.67346061961957,0.8488853088383832,0.9436850099294658
BCLL,Borda Coll,VWC_050,idw_regulated_pm,55,0.7426795756228196,0.8299742195375062,0.6997918019741994,0.8851877933277862,0.9418361375621367
LLA,Llivia,VWC_005,idw_simple_hg,60,0.37067421457724625,0.4675871334609161,0.06124241770080118,0.43367114534413764,0.26234312757072575
LLA,Llivia,VWC_005,idw_simple_pm,60,0.4378487983097102,0.4628433969441021,0.11080995045810156,0.5189662504998533,0.27510472820153187
LLA,Llivia,VWC_005,idw_regulated_hg,60,0.9116464808500053,0.7769380383439847,0.3653745900125414,0.9229935161166286,0.9294377699108692
LLA,Llivia,VWC_005,idw_regulated_pm,60,0.9195713859072899,0.799666574048347,0.3816095410383463,0.930850945977846,0.9363507318252009
LLA,Llivia,VWC_005,gauge_recent_simple_hg,60,0.9081645219591195,0.832376603721438,0.5621781590576077,0.914623011347586,0.9290385204209857
LLA,Llivia,VWC_005,gauge_recent_simple_pm,60,0.9489916903456916,0.8761415669121086,0.5571042166290021,0.9416579642111984,0.959138643137377
LLA,Llivia,VWC_005,gauge_recent_regulated_hg,60,0.8802088787791964,0.8033342595165325,0.35217931972562005,0.8446698159478492,0.9408469379781002
LLA,Llivia,VWC_005,gauge_recent_regulated_pm,60,0.8974802840366263,0.8117254792998057,0.3435725534309557,0.8695443307344165,0.9579004606729942
LLA,Llivia,VWC_020,idw_simple_hg,60,0.39324464706919116,0.44177557649472815,0.3514843931119349,0.5221485965079053,0.21207036940714094
LLA,Llivia,VWC_020,idw_simple_pm,60,0.44374041885562776,0.4616084839552066,0.35458426117683184,0.5953138277745081,0.22172567288028805
LLA,Llivia,VWC_020,idw_regulated_hg,60,0.864009828052918,0.7720863030239831,0.5258729400341172,0.9284253139083471,0.8213865026133853
LLA,Llivia,VWC_020,idw_regulated_pm,60,0.88269172375574,0.8052904320092517,0.5385449804256015,0.9327543769910304,0.8426582436117248
LLA,Llivia,VWC_020,gauge_recent_simple_hg,60,0.8213795141450759,0.7865433781522135,0.5629204635115983,0.9089817909046954,0.7993976930707151
LLA,Llivia,VWC_020,gauge_recent_simple_pm,60,0.9041126024489873,0.8439306936798466,0.5598554797374126,0.9304658889457734,0.9027480737664396
LLA,Llivia,VWC_020,gauge_recent_regulated_hg,60,0.8436538084699161,0.7880909710537025,0.3538912983914224,0.8239140951508036,0.9018558984315467
LLA,Llivia,VWC_020,gauge_recent_regulated_pm,60,0.8681391871437542,0.7940371498008552,0.33755236252183185,0.8447273788931415,0.9296265485593785
LLA,Llivia,VWC_050,idw_simple_hg,60,0.4765723682877255,0.4342921831953696,0.12720739386790514,0.5840148755249827,0.20724195401601078
LLA,Llivia,VWC_050,idw_simple_pm,60,0.5332206310625223,0.4586485710030568,0.1493550867694128,0.6620692859534385,0.21281781820305198
LLA,Llivia,VWC_050,idw_regulated_hg,60,0.8154175891308553,0.8047235343150877,0.22019545614978958,0.861593224866033,0.8072727214542548
LLA,Llivia,VWC_050,idw_regulated_pm,60,0.8301194248755088,0.8365101417060297,0.2343608414697814,0.8598799222698362,0.8264529483642817
LLA,Llivia,VWC_050,gauge_recent_simple_hg,60,0.7435777794392016,0.7478701495616256,0.2171835167929211,0.8166434267050131,0.8277142943343017
LLA,Llivia,VWC_050,gauge_recent_simple_pm,60,0.7990712364899051,0.8108266655074042,0.2136686001587973,0.8256771682907373,0.9118579999104636
LLA,Llivia,VWC_050,gauge_recent_regulated_hg,60,0.7445431678718188,0.781883856626841,0.10969914075627657,0.7240931590322449,0.922207207057095
LLA,Llivia,VWC_050,gauge_recent_regulated_pm,60,0.7656723313565763,0.7876632397888303,0.09961298494283845,0.7357569161372415,0.9413538211956665
CLLA,Clarella,VWC_005,idw_simple_hg,51,0.6281658070536482,0.5283450365704624,0.2508289895376273,0.5318442826153513,-0.2756327216971646
CLLA,Clarella,VWC_005,idw_simple_pm,51,0.6540839693712648,0.5283450365704624,0.2658218488922453,0.5681684762353958,-0.2872023595902612
CLLA,Clarella,VWC_005,idw_regulated_hg,51,0.7175066136540915,0.7198190045248869,0.21643524311001833,0.6406513047643103,0.3394694610295369
CLLA,Clarella,VWC_005,idw_regulated_pm,51,0.7233864033095737,0.7259728506787331,0.21975002503728244,0.6495078833043411,0.34683535645400815
CLLA,Clarella,VWC_020,idw_simple_hg,51,0.9371717024522053,0.6758719321919077,0.3834074023544462,0.9164885940607473,-0.22166000298808475
CLLA,Clarella,VWC_020,idw_simple_pm,51,0.9461228143749595,0.6758719321919077,0.39258497166780093,0.9277714774451374,-0.23480496832357478
CLLA,Clarella,VWC_020,idw_regulated_hg,51,0.9433304527298123,0.808117830926985,0.38639457750212336,0.9307165617871368,0.36182425993288053
CLLA,Clarella,VWC_020,idw_regulated_pm,51,0.9432806084699179,0.8146338154531895,0.3945452773802734,0.9319850048631463,0.367577166058618
CLLA,Clarella,VWC_050,idw_simple_hg,51,0.7945957857268174,0.6657207968930856,0.25160271428190994,0.7445920944639348,-0.22054408346882026
CLLA,Clarella,VWC_050,idw_simple_pm,51,0.8131672042684472,0.6657207968930856,0.2634547755593942,0.7709722729244803,-0.23349329860704368
CLLA,Clarella,VWC_050,idw_regulated_hg,51,0.8671565815091488,0.8033673787572827,0.2705988684157388,0.8420179200876297,0.35492577902218037
CLLA,Clarella,VWC_050,idw_regulated_pm,51,0.8708954330350474,0.8099753583233991,0.27978709653259304,0.8488214068478244,0.36124382359838236
CLLP,Cantallops,VWC_005,idw_simple_hg,60,-0.20638646872089927,-0.22130086524554102,-0.13820468166904923,,-0.2016459719032011
CLLP,Cantallops,VWC_005,idw_simple_pm,60,-0.14411143415335506,-0.22130086524554102,0.07213761257490747,,-0.1111473547026329
CLLP,Cantallops,VWC_005,idw_regulated_hg,60,-0.5175223689601889,-0.5104479278750605,-0.49558373171404185,0.18862305842475185,-0.7359349786075905
CLLP,Cantallops,VWC_005,idw_regulated_pm,60,-0.48005951385077394,-0.4781316001603792,-0.4844083959310578,0.17882749446708207,-0.676677871291737
CLLP,Cantallops,VWC_005,gauge_recent_simple_hg,60,-0.5353162028554687,-0.6424861387591142,-0.4038644072416849,,-0.8420687446455073
CLLP,Cantallops,VWC_005,gauge_recent_simple_pm,60,-0.5065313354016192,-0.6419724580565285,-0.3919051247605816,,-0.7765759459897397
CLLP,Cantallops,VWC_005,gauge_recent_regulated_hg,60,-0.5550188839064714,-0.376597755388715,-0.40556433135994174,0.09998805568868392,-0.8968107378672641
CLLP,Cantallops,VWC_005,gauge_recent_regulated_pm,60,-0.5496778247778666,-0.34808825217696693,-0.39570306791026144,0.07839865604689285,-0.8851690838372355
CLLP,Cantallops,VWC_020,idw_simple_hg,60,-0.17713843582461825,-0.21689264648661818,0.07676156860190363,,-0.1325149114113345
CLLP,Cantallops,VWC_020,idw_simple_pm,60,-0.12435247645590314,-0.21689264648661818,0.24030418444070886,,-0.06170853562825632
CLLP,Cantallops,VWC_020,idw_regulated_hg,60,-0.44169256144569,-0.45321921962577794,-0.22085119144354082,0.2022897681963162,-0.6053940391861732
CLLP,Cantallops,VWC_020,idw_regulated_pm,60,-0.4068129215943849,-0.4148720385660861,-0.20878898296715898,0.1896372555620974,-0.5369255866641501
CLLP,Cantallops,VWC_020,gauge_recent_simple_hg,60,-0.4749163886961606,-0.6421615299652432,-0.18528584575352558,,-0.799372402201239
CLLP,Cantallops,VWC_020,gauge_recent_simple_pm,60,-0.45003977610932944,-0.6415622191579962,-0.1761352065633281,,-0.7384408684436347
CLLP,Cantallops,VWC_020,gauge_recent_regulated_hg,60,-0.49105673837553876,-0.3168922121773373,-0.17059887561986983,0.06913735289562571,-0.8462532455180936
CLLP,Cantallops,VWC_020,gauge_recent_regulated_pm,60,-0.4863247433038075,-0.2885208557556378,-0.15854056863794758,0.044307524232696904,-0.8341647016690507
CLLP,Cantallops,VWC_050,idw_simple_hg,60,-0.18611269131647762,-0.19483433987017673,0.225854386103492,,-0.11875832896942001
CLLP,Cantallops,VWC_050,idw_simple_pm,60,-0.14090932030342682,-0.19483433987017673,0.14371578362816004,,-0.10561410842463659
CLLP,Cantallops,VWC_050,idw_regulated_hg,60,-0.4390032106482011,-0.4445803106022297,0.08371764627184872,0.25090082127143504,-0.38437481742364565
CLLP,Cantallops,VWC_050,idw_regulated_pm,60,-0.39853346872586026,-0.40464644972365715,0.08001079942966151,0.2403239894315401,-0.3076045137625339
CLLP,Cantallops,VWC_050,gauge_recent_simple_hg,60,-0.4962346014441471,-0.6366835442867789,0.1270006711822151,,-0.6803197875539919
CLLP,Cantallops,VWC_050,gauge_recent_simple_pm,60,-0.469044128331826,-0.6364266789515368,0.1063767686358159,,-0.622390964535572
CLLP,Cantallops,VWC_050,gauge_recent_regulated_hg,60,-0.5139201047358906,-0.30793814362941047,0.15986551193073942,0.136414187881049,-0.7273013827223846
CLLP,Cantallops,VWC_050,gauge_recent_regulated_pm,60,-0.5085469078843078,-0.27892565180113643,0.15453613141018782,0.11295795555793699,-0.7155048267094564
BOLV,Bolvir,VWC_005,idw_simple_hg,60,0.8364316081000882,0.7956892680457481,0.5042700780308783,0.8496243912636681,0.8250873526391241
BOLV,Bolvir,VWC_005,idw_simple_pm,60,0.9070211639320599,0.8466902352212792,0.5295857415264276,0.9247126932857754,0.8993889010222812
BOLV,Bolvir,VWC_005,idw_regulated_hg,60,0.9225240520398803,0.9150319533203669,0.4586487665797078,0.8988022179338759,0.9577767241273725
BOLV,Bolvir,VWC_005,idw_regulated_pm,60,0.9361718638678063,0.9174215059738817,0.46170202965840157,0.9197644577554962,0.9616916267266837
BOLV,Bolvir,VWC_005,gauge_recent_simple_hg,60,0.7266978639795445,0.713732993256824,0.44563600678392074,0.6622074167684646,0.8088559783093474
BOLV,Bolvir,VWC_005,gauge_recent_simple_pm,60,0.8140588432108811,0.7803781107750251,0.49042925088157274,0.8087230250486047,0.8187191261999563
BOLV,Bolvir,VWC_005,gauge_recent_regulated_hg,60,0.9158867357390401,0.9317588218949711,0.47723434311606033,0.8904744378172345,0.9540931475374155
BOLV,Bolvir,VWC_005,gauge_recent_regulated_pm,60,0.938381997528052,0.9374826340650184,0.49392130742971985,0.9216635493836112,0.9626381392315869
BOLV,Bolvir,VWC_020,idw_simple_hg,33,0.7743605320022648,0.83157540169266,0.520239396785835,,
BOLV,Bolvir,VWC_020,idw_simple_pm,33,0.8295881403622609,0.8385186491064197,0.5474343334072367,,
BOLV,Bolvir,VWC_020,idw_regulated_hg,33,0.8552942040617114,0.8372326203208557,0.5098512283185843,,
BOLV,Bolvir,VWC_020,idw_regulated_pm,33,0.8601983543723009,0.8245320855614974,0.5198315827306285,,
BOLV,Bolvir,VWC_020,gauge_recent_simple_hg,33,0.7138419722842794,0.7922251283722307,0.4805112446572272,,
BOLV,Bolvir,VWC_020,gauge_recent_simple_pm,33,0.7665807023068751,0.8200411595895261,0.5011243851318394,,
BOLV,Bolvir,VWC_020,gauge_recent_regulated_hg,33,0.8584191354673989,0.8686497326203209,0.5212341189152563,,
BOLV,Bolvir,VWC_020,gauge_recent_regulated_pm,33,0.87990335730945,0.876336898395722,0.543086379171604,,
BOLV,Bolvir,VWC_050,idw_simple_hg,60,0.7627538906991526,0.7610622647960612,0.572148071030369,0.9426229424165944,0.6983002943216109
BOLV,Bolvir,VWC_050,idw_simple_pm,60,0.799459088990883,0.8014463739429055,0.5826866765442688,0.9654151344950928,0.7603446822682212
BOLV,Bolvir,VWC_050,idw_regulated_hg,60,0.8902266770877979,0.8782338097040289,0.5879020247570106,0.9602524116528834,0.9010550421156902
BOLV,Bolvir,VWC_050,idw_regulated_pm,60,0.8908966973352608,0.8857087312294325,0.6046748079659708,0.958313990191179,0.901533879364488
BOLV,Bolvir,VWC_050,gauge_recent_simple_hg,60,0.7362296054164803,0.7333871723792541,0.5624312358657118,0.8565995820430129,0.6785588695717253
BOLV,Bolvir,VWC_050,gauge_recent_simple_pm,60,0.7661701373079025,0.7647697492530425,0.5725063974976791,0.930236458566307,0.6901712915288916
BOLV,Bolvir,VWC_050,gauge_recent_regulated_hg,60,0.9065771451063573,0.8865423656002954,0.5893933662465423,0.9670411094934013,0.9132474702620612
BOLV,Bolvir,VWC_050,gauge_recent_regulated_pm,60,0.9108165532561463,0.8920721402603525,0.6124827817499298,0.9707813963416938,0.9186884846290971
GGUE,Garriguella,VWC_005,idw_simple_hg,60,0.49464993516766065,0.43837940041856743,0.6279689270877742,,0.46162593916734823
GGUE,Garriguella,VWC_005,idw_simple_pm,60,0.5205183068783173,0.4047027601524027,0.6346042399381243,,0.5116012589477814
GGUE,Garriguella,VWC_005,idw_regulated_hg,60,0.8073169896226886,0.80805779383162,0.72694707611446,0.45092753907715055,0.6912019297016454
GGUE,Garriguella,VWC_005,idw_regulated_pm,60,0.8270963578434636,0.8273409280355656,0.7293483682689197,0.5256084937032859,0.717107843506201
GGUE,Garriguella,VWC_005,gauge_recent_simple_hg,60,0.7211434590335257,0.44249838814992315,0.7936344994377991,-0.38593885444610493,0.7668971825495048
GGUE,Garriguella,VWC_005,gauge_recent_simple_pm,60,0.7359436841521381,0.5310580207102188,0.7843852762219802,-0.3648168368680335,0.7934734077976925
GGUE,Garriguella,VWC_005,gauge_recent_regulated_hg,60,0.9058179442984067,0.8740205612670189,0.8176939360273061,0.3444869554239416,0.8810366065231617
GGUE,Garriguella,VWC_005,gauge_recent_regulated_pm,60,0.9173755716829641,0.8854681856071132,0.8178949083319704,0.413057031463649,0.8949197668356109
GGUE,Garriguella,VWC_020,idw_simple_hg,60,0.07070615307022321,0.20339507007442306,-0.21086183305566852,,-0.15240686452725943
GGUE,Garriguella,VWC_020,idw_simple_pm,60,0.10188873212048749,0.21226612682017865,-0.19935740623700343,,-0.10045664841552805
GGUE,Garriguella,VWC_020,idw_regulated_hg,60,0.4804622750993277,0.5316550661122428,0.030325049021597106,-0.4105696700592446,0.13874077168223126
GGUE,Garriguella,VWC_020,idw_regulated_pm,60,0.5117473429830528,0.5609135998540736,0.04174366801456321,-0.3304927287612679,0.18240115242652571
GGUE,Garriguella,VWC_020,gauge_recent_simple_hg,60,0.36786042549594067,0.280472945033058,-0.02182577466205786,-0.29865961144727005,0.2032107225670424
GGUE,Garriguella,VWC_020,gauge_recent_simple_pm,60,0.4222498606796538,0.3780619081283809,0.004974129661895518,-0.22892961817601223,0.2827617010923164
GGUE,Garriguella,VWC_020,gauge_recent_regulated_hg,60,0.6334398720413758,0.6536628739568575,0.06424504898468787,-0.46240003033616384,0.38480302012974366
GGUE,Garriguella,VWC_020,gauge_recent_regulated_pm,60,0.6596976679176316,0.6767251560135713,0.07594209320535694,-0.3977860389762422,0.4247968613821552
GGUE,Garriguella,VWC_050,idw_simple_hg,60,0.04184119767691792,-0.008808256389206856,0.11429591382572436,,0.019808778429738758
GGUE,Garriguella,VWC_050,idw_simple_pm,60,0.006292683014108083,0.012794037170592274,0.08951459233560985,,-0.02852664701195981
GGUE,Garriguella,VWC_050,idw_regulated_hg,60,-0.31126843395040016,-0.33209925439473886,0.04167915190095005,-0.3900952571319536,-0.5690866383166129
GGUE,Garriguella,VWC_050,idw_regulated_pm,60,-0.2954597443783276,-0.32131083741742306,0.03706157026491006,-0.3362571935892362,-0.5781017315603736
GGUE,Garriguella,VWC_050,gauge_recent_simple_hg,60,-0.14780999128158315,-0.2527829990736106,0.02618306063505617,-0.24853452332827938,-0.24498585722186225
GGUE,Garriguella,VWC_050,gauge_recent_simple_pm,60,-0.17695862477217766,-0.25425895784690755,-0.00996050030733503,-0.23080427043833424,-0.28705806123123123
GGUE,Garriguella,VWC_050,gauge_recent_regulated_hg,60,-0.27614981655358856,-0.2652500970004147,-0.00664860449539233,-0.4745190836036238,-0.5257237908934546
GGUE,Garriguella,VWC_050,gauge_recent_regulated_pm,60,-0.2578483196557519,-0.2521200081210458,-0.011978443079101762,-0.4362582836060912,-0.5203295318149711
AGDS,Aguilar de Segarra,VWC_005,idw_simple_hg,60,-0.269033229062551,-0.5719401771649014,-0.08303578599521569,-0.5294788568591072,
AGDS,Aguilar de Segarra,VWC_005,idw_simple_pm,60,-0.28261148933080393,-0.5304472804258438,-0.09570648118443668,-0.5576673650952214,-0.1299443503849644
AGDS,Aguilar de Segarra,VWC_005,idw_regulated_hg,60,-0.06266534995743851,-0.08778169925185976,-0.09681914037999442,-0.6583397092079702,0.636401554233733
AGDS,Aguilar de Segarra,VWC_005,idw_regulated_pm,60,-0.0409560786975337,-0.08072359491188748,-0.09775237658101135,-0.6582143790106496,0.662237093649146
AGDS,Aguilar de Segarra,VWC_005,gauge_recent_simple_hg,60,0.13706266895101013,0.26442068231781063,-0.16311677945222802,,0.018357439576481963
AGDS,Aguilar de Segarra,VWC_005,gauge_recent_simple_pm,60,0.16244388887155203,0.26442068231781063,-0.15267206978583417,,0.044338677771353904
AGDS,Aguilar de Segarra,VWC_005,gauge_recent_regulated_hg,60,0.73434245056143,0.55097674351563,0.15074154132375714,-0.3937954442288351,0.7001945047761651
AGDS,Aguilar de Segarra,VWC_005,gauge_recent_regulated_pm,60,0.748810729821834,0.5567288206745837,0.15493199993029544,-0.3902520065094951,0.7171386874284249
AGDS,Aguilar de Segarra,VWC_020,idw_simple_hg,60,0.11033600615249242,0.09354533505329526,0.026308051564413147,-0.24369517943533553,
AGDS,Aguilar de Segarra,VWC_020,idw_simple_pm,60,0.11093261675632626,0.09778007146272763,0.02752581399324632,-0.2675959716407446,0.1717744015155392
AGDS,Aguilar de Segarra,VWC_020,idw_regulated_hg,60,-0.05882282989313433,-0.3039195268149981,-0.01984931728260567,-0.6617107768980419,0.4431684780126449
AGDS,Aguilar de Segarra,VWC_020,idw_regulated_pm,60,-0.06789559454583213,-0.30275242247868744,-0.022262091510505764,-0.6834568722671479,0.4700516766595298
AGDS,Aguilar de Segarra,VWC_020,gauge_recent_simple_hg,60,-0.054122843869318496,-0.12353046595028397,0.07117834755496394,,0.18057252728209483
AGDS,Aguilar de Segarra,VWC_020,gauge_recent_simple_pm,60,-0.058631474379622725,-0.12353046595028397,0.08017734163304763,,0.18656355786816142
AGDS,Aguilar de Segarra,VWC_020,gauge_recent_regulated_hg,60,-0.23426198497253012,-0.4904894914338056,-0.04556440955897313,-0.7891002725869153,0.5434573603360612
AGDS,Aguilar de Segarra,VWC_020,gauge_recent_regulated_pm,60,-0.2424348161028694,-0.49051727963228925,-0.04099035914999892,-0.7980040815102617,0.557868146828921
AGDS,Aguilar de Segarra,VWC_050,idw_simple_hg,60,0.21882014158704374,0.1889571704512791,0.19740025651146512,-0.1631991881066245,
AGDS,Aguilar de Segarra,VWC_050,idw_simple_pm,60,0.2255576279628269,0.1821292897794944,0.19526020317893586,-0.1853449169345714,0.280058727752596
AGDS,Aguilar de Segarra,VWC_050,idw_regulated_hg,60,0.11816896600203666,-0.21558412933970747,0.13581120798096594,-0.6082124982528854,0.7806166200218652
AGDS,Aguilar de Segarra,VWC_050,idw_regulated_pm,60,0.10911936281490503,-0.21680793293807507,0.13000007604903702,-0.6312423659951384,0.7990459510921358
AGDS,Aguilar de Segarra,VWC_050,gauge_recent_simple_hg,60,-0.013572717291973499,-0.0066277260640177724,0.023657772156429415,,0.4093604757336883
AGDS,Aguilar de Segarra,VWC_050,gauge_recent_simple_pm,60,-0.014277748175338244,-0.0066277260640177724,0.050856667632344234,,0.4314724836169785
AGDS,Aguilar de Segarra,VWC_050,gauge_recent_regulated_hg,60,-0.20638524734865565,-0.46287589736439316,0.09368949996667332,-0.7495959370018905,0.8551223949920908
AGDS,Aguilar de Segarra,VWC_050,gauge_recent_regulated_pm,60,-0.21932039601975645,-0.4656572691788649,0.08811546142014862,-0.7625698129107705,0.8634365842285087
TDLL,Torre del Lluvià,VWC_005,idw_simple_hg,60,0.5135552112736077,0.41152670296229193,0.23743239411390854,0.5893891108981406,0.09704241795272744
TDLL,Torre del Lluvià,VWC_005,idw_simple_pm,60,0.5723709343151605,0.4511873654182965,0.2735679641314517,0.6660365489234791,0.06039373534347739
TDLL,Torre del Lluvià,VWC_005,idw_regulated_hg,60,0.843958861188151,0.907292404816717,0.31675834930922037,0.8646903245297779,0.8372944223303319
TDLL,Torre del Lluvià,VWC_005,idw_regulated_pm,60,0.8773685499502911,0.91885133172707,0.3354400721329036,0.8918277065897404,0.8789236981807166
TDLL,Torre del Lluvià,VWC_005,gauge_recent_simple_hg,60,0.7664260451144078,0.7564846466468306,0.3399578926925582,0.7580467840854606,0.8306034918081758
TDLL,Torre del Lluvià,VWC_005,gauge_recent_simple_pm,60,0.8710488595493823,0.8311757832699056,0.3635206316404495,0.8571963207958945,0.9214889186435196
TDLL,Torre del Lluvià,VWC_005,gauge_recent_regulated_hg,60,0.8940949179798596,0.9609747288330676,0.329147422448541,0.8804833211640649,0.9541906291871032
TDLL,Torre del Lluvià,VWC_005,gauge_recent_regulated_pm,60,0.8954559414653873,0.9631420276287588,0.34328155506097063,0.9016395721840165,0.9538921227551074
TDLL,Torre del Lluvià,VWC_020,idw_simple_hg,60,-0.0518508081853465,0.13303960503877238,-0.11814352845842963,-0.0031753067172775318,0.15888369590715182
TDLL,Torre del Lluvià,VWC_020,idw_simple_pm,60,-0.00869988544160602,0.18421612687687047,-0.09039924673668526,0.09437575189223099,0.11635046762486513
TDLL,Torre del Lluvià,VWC_020,idw_regulated_hg,60,0.4381261569705319,0.7558698494123594,0.023205809224625396,0.4898491291821071,0.8532347895032084
TDLL,Torre del Lluvià,VWC_020,idw_regulated_pm,60,0.5114840055196964,0.7705687852039683,0.03215437870428717,0.5637694344507547,0.8981828363518584
TDLL,Torre del Lluvià,VWC_020,gauge_recent_simple_hg,60,0.33081326451305293,0.5683150642074083,0.20866161061072902,0.2593331575279342,0.845193014474009
TDLL,Torre del Lluvià,VWC_020,gauge_recent_simple_pm,60,0.5039665020304009,0.6735494495923481,0.2390886184478091,0.44573952323514726,0.9306805092135243
TDLL,Torre del Lluvià,VWC_020,gauge_recent_regulated_hg,60,0.7129720937428712,0.8432020898528639,0.2549869638766981,0.5298547078180151,0.9784349425224347
TDLL,Torre del Lluvià,VWC_020,gauge_recent_regulated_pm,60,0.768000625733823,0.853010642469949,0.26600206695622153,0.6064182083420588,0.9795384139430843
TDLL,Torre del Lluvià,VWC_050,idw_simple_hg,60,-0.17086539668829454,-0.19396183510078002,-0.0498047502721735,-0.3060232564047736,-0.07290320370283082
TDLL,Torre del Lluvià,VWC_050,idw_simple_pm,60,-0.18298258689743058,-0.1854801501773974,-0.05228352555288959,-0.27203839215917225,-0.11990449468843539
TDLL,Torre del Lluvià,VWC_050,idw_regulated_hg,60,0.1302204477414572,0.3312980084003197,0.03357530628533684,0.11288176748673345,0.6832941971780346
TDLL,Torre del Lluvià,VWC_050,idw_regulated_pm,60,0.1936699131544432,0.36312576466585267,0.03370406213636021,0.18655567437012155,0.7559840513862435
TDLL,Torre del Lluvià,VWC_050,gauge_recent_simple_hg,60,0.056876070852971645,0.2144904826241668,0.13730529048350207,-0.19740894614945595,0.5894477198464654
TDLL,Torre del Lluvià,VWC_050,gauge_recent_simple_pm,60,0.18035229378915718,0.29577055115204376,0.15466243845332878,-0.006402255607331257,0.7171438141042468
TDLL,Torre del Lluvià,VWC_050,gauge_recent_regulated_hg,60,0.48677965878706486,0.5361752786270542,0.18833086964893464,0.16715725583869376,0.8715965756765125
TDLL,Torre del Lluvià,VWC_050,gauge_recent_regulated_pm,60,0.5566156576711632,0.5658886035322895,0.19564536052947665,0.25218208192074854,0.904898723113648
PDCE,Pobla de Cérvoles,VWC_005,idw_simple_hg,60,-0.1033253315324162,-0.13907769672860146,-0.10540321142385445,,-0.04725271784956263
PDCE,Pobla de Cérvoles,VWC_005,idw_simple_pm,60,,,,,
PDCE,Pobla de Cérvoles,VWC_005,idw_regulated_hg,60,0.05244550056955444,0.04773680848768273,-0.20626719601521942,-0.5222484282841648,0.46180942721600754
PDCE,Pobla de Cérvoles,VWC_005,idw_regulated_pm,60,0.052693462135935544,0.04309650172549239,-0.23123516548298267,-0.526342802485515,0.41366810886216543
PDCE,Pobla de Cérvoles,VWC_005,gauge_recent_simple_hg,60,-0.1033253315324162,-0.13907769672860146,-0.10540321142385445,,-0.04725271784956264
PDCE,Pobla de Cérvoles,VWC_005,gauge_recent_simple_pm,60,-0.1033253315324162,-0.13907769672860146,-0.10540321142385445,,-0.04725271784956262
PDCE,Pobla de Cérvoles,VWC_005,gauge_recent_regulated_hg,60,0.030567709167704057,0.010530995586048753,-0.21027470291078243,-0.46971723238798146,0.43150702835278193
PDCE,Pobla de Cérvoles,VWC_005,gauge_recent_regulated_pm,60,0.028460668213504507,0.02953680292340323,-0.23570285713520706,-0.47229550728031844,0.3834966843317633
PDCE,Pobla de Cérvoles,VWC_020,idw_simple_hg,60,-0.04785746824617576,-0.03383018003861546,0.178451367040841,,0.20163852167030114
PDCE,Pobla de Cérvoles,VWC_020,idw_simple_pm,60,,,,,
PDCE,Pobla de Cérvoles,VWC_020,idw_regulated_hg,60,-0.474256148539582,-0.4419189467139331,-0.06079091190989566,-0.8548126329477219,0.08406331231937414
PDCE,Pobla de Cérvoles,VWC_020,idw_regulated_pm,60,-0.42845472122571,-0.41599399844405766,-0.056526402333193365,-0.850040293827921,0.09855781990212867
PDCE,Pobla de Cérvoles,VWC_020,gauge_recent_simple_hg,60,-0.04785746824617576,-0.03383018003861546,0.178451367040841,,0.20163852167030114
PDCE,Pobla de Cérvoles,VWC_020,gauge_recent_simple_pm,60,-0.04785746824617576,-0.03383018003861546,0.17845136704084094,,0.2016385216703011
PDCE,Pobla de Cérvoles,VWC_020,gauge_recent_regulated_hg,60,-0.4893429941841535,-0.5495088713666211,-0.057269516104145296,-0.8392935856729531,0.013774715986543604
PDCE,Pobla de Cérvoles,VWC_020,gauge_recent_regulated_pm,60,-0.44693297499750584,-0.5048557182372643,-0.05209543558397374,-0.8341399567763566,0.029530031462250868
PDCE,Pobla de Cérvoles,VWC_050,idw_simple_hg,60,-0.02153432490667928,-0.03385983107613753,0.07140448896953261,,0.247379737410668
PDCE,Pobla de Cérvoles,VWC_050,idw_simple_pm,60,,,,,
PDCE,Pobla de Cérvoles,VWC_050,idw_regulated_hg,60,-0.3473908150735155,-0.3825960395385197,-0.01569521260650235,-0.8670504632962239,0.3932173074416272
PDCE,Pobla de Cérvoles,VWC_050,idw_regulated_pm,60,-0.29621386416479917,-0.34880566459926693,-0.0028431007755782,-0.8602655720809218,0.4040360735713957
PDCE,Pobla de Cérvoles,VWC_050,gauge_recent_simple_hg,60,-0.02153432490667928,-0.03385983107613753,0.07140448896953261,,0.247379737410668
PDCE,Pobla de Cérvoles,VWC_050,gauge_recent_simple_pm,60,-0.02153432490667928,-0.03385983107613753,0.07140448896953261,,0.24737973741066802
PDCE,Pobla de Cérvoles,VWC_050,gauge_recent_regulated_hg,60,-0.3793055811592734,-0.4953696777102648,-0.010669815091518764,-0.8395462649184032,0.3150283738305367
PDCE,Pobla de Cérvoles,VWC_050,gauge_recent_regulated_pm,60,-0.33183245436131636,-0.44514299693636306,0.0028132466446160326,-0.8315868241309853,0.3275156166733789
VIL,Vilosell,VWC_005,idw_simple_hg,60,,,,,
VIL,Vilosell,VWC_005,idw_simple_pm,60,,,,,
VIL,Vilosell,VWC_005,idw_regulated_hg,60,-0.33303684817959656,-0.4362191397953589,-0.18383099076813078,-0.49783372278789806,0.2924736417676326
VIL,Vilosell,VWC_005,idw_regulated_pm,60,-0.31127989774812526,-0.39150792843526644,-0.1831283307722979,-0.49652822232696997,0.2839840329320724
VIL,Vilosell,VWC_005,gauge_recent_simple_hg,60,,,,,
VIL,Vilosell,VWC_005,gauge_recent_simple_pm,60,-0.08012520044489586,-0.13908735912929734,-0.033670313070116274,,0.0041792006302896895
VIL,Vilosell,VWC_005,gauge_recent_regulated_hg,60,-0.39593357281632063,-0.6001972990470097,-0.12282577801345262,-0.2859008007669742,0.15262535674813119
VIL,Vilosell,VWC_005,gauge_recent_regulated_pm,60,-0.37730978615097766,-0.5921942978837365,-0.12325456318653022,-0.28214785842626533,0.15387222429548686
VIL,Vilosell,VWC_020,idw_simple_hg,60,,,,,
VIL,Vilosell,VWC_020,idw_simple_pm,60,,,,,
VIL,Vilosell,VWC_020,idw_regulated_hg,60,-0.5402290123034406,-0.6184197735202022,-0.21093068554719546,-0.8771965432706605,0.23467832933975025
VIL,Vilosell,VWC_020,idw_regulated_pm,60,-0.5098362824981567,-0.5624574521745117,-0.2150866337657923,-0.8750339763350786,0.2360406696796465
VIL,Vilosell,VWC_020,gauge_recent_simple_hg,60,,,,,
VIL,Vilosell,VWC_020,gauge_recent_simple_pm,60,-0.06986763846107644,-0.06390145118405141,0.01624476431640845,,0.11755437890352005
VIL,Vilosell,VWC_020,gauge_recent_regulated_hg,60,-0.5949494183549588,-0.8235408540434827,-0.13719021979112697,-0.7156020892587942,0.08904448755933433
VIL,Vilosell,VWC_020,gauge_recent_regulated_pm,60,-0.5714944734200477,-0.8190394160802246,-0.14038384234946377,-0.7120466102961545,0.09991233293584525
VIL,Vilosell,VWC_050,idw_simple_hg,60,,,,,
VIL,Vilosell,VWC_050,idw_simple_pm,60,,,,,
VIL,Vilosell,VWC_050,idw_regulated_hg,60,-0.1476293111907031,-0.2241706793067778,0.08442343748359622,0.3603713997852689,0.342642659459624
VIL,Vilosell,VWC_050,idw_regulated_pm,60,-0.11422096478361093,-0.1461144878700712,0.08023956652473158,0.3574159212654118,0.3447946607371646
VIL,Vilosell,VWC_050,gauge_recent_simple_hg,60,,,,,
VIL,Vilosell,VWC_050,gauge_recent_simple_pm,60,0.015277562475419056,0.0037779054949080397,0.13142858456077905,,0.20157476355385356
VIL,Vilosell,VWC_050,gauge_recent_regulated_hg,60,-0.3841414750856907,-0.5877812741210604,0.1125040092004299,0.09537145965237674,0.21778033932855495
VIL,Vilosell,VWC_050,gauge_recent_regulated_pm,60,-0.3574370118307745,-0.5800175455989122,0.10895004914814432,0.09015485498064696,0.22902537090154615
MDF,Mas dels Frares,VWC_005,idw_simple_hg,60,0.8105529647980014,0.735901253871901,0.2946200434446571,,0.8352929736015825
MDF,Mas dels Frares,VWC_005,idw_simple_pm,60,0.8489654889266511,0.7777782251035283,0.30808729177917404,,0.8635418491861911
MDF,Mas dels Frares,VWC_005,idw_regulated_hg,60,0.9385136077405283,0.9687530415872835,0.3317969763322702,0.9255272084084203,0.909244354240771
MDF,Mas dels Frares,VWC_005,idw_regulated_pm,60,0.9534981321471866,0.973949290297286,0.3377293660601247,0.9285617281792745,0.9200184006885953
MDF,Mas dels Frares,VWC_005,gauge_recent_simple_hg,60,0.8390712686022415,0.7603778032714836,0.2715382536940175,,0.860143036230583
MDF,Mas dels Frares,VWC_005,gauge_recent_simple_pm,60,0.8686318413689189,0.813041637312111,0.2840688535527642,,0.8776073194392298
MDF,Mas dels Frares,VWC_005,gauge_recent_regulated_hg,60,0.9355989147719648,0.9240152853139988,0.31012421024635434,0.8262400140259079,0.9068487213335517
MDF,Mas dels Frares,VWC_005,gauge_recent_regulated_pm,60,0.9505997600301805,0.9267106656608984,0.3156192659212005,0.836260918517578,0.9166790192709929
MDF,Mas dels Frares,VWC_020,idw_simple_hg,60,-0.026997362070808405,0.11524995359332703,-0.054865766150839546,,-0.35480027638961675
MDF,Mas dels Frares,VWC_020,idw_simple_pm,60,0.06982720915496875,0.21484527457669875,-0.02637699544762709,,-0.26142900070437153
MDF,Mas dels Frares,VWC_020,idw_regulated_hg,60,0.2644641714739807,0.5790299949154921,-0.012594632018678276,0.862325145295366,-0.1278105566370425
MDF,Mas dels Frares,VWC_020,idw_regulated_pm,60,0.3244977983979692,0.594701232361259,0.005035991308546851,0.8724109233640815,-0.06354193670809101
MDF,Mas dels Frares,VWC_020,gauge_recent_simple_hg,60,0.07505278541171956,0.1839878497525018,-0.0011415718811800118,,-0.23982453454744537
MDF,Mas dels Frares,VWC_020,gauge_recent_simple_pm,60,0.1595203045175106,0.3047137373520023,0.02755975333990359,,-0.1566198528432602
MDF,Mas dels Frares,VWC_020,gauge_recent_regulated_hg,60,0.2690880928245219,0.5274038261668487,0.004280877286339302,0.6397753173091252,-0.11341018184040601
MDF,Mas dels Frares,VWC_020,gauge_recent_regulated_pm,60,0.3289632445901376,0.5414079106928531,0.021518192080293007,0.6584847393347587,-0.04941682590122212
MDF,Mas dels Frares,VWC_050,idw_simple_hg,60,-0.5320546909438564,-0.5091420463307482,-0.15267668674805251,,-0.36267298872984133
MDF,Mas dels Frares,VWC_050,idw_simple_pm,60,-0.5302190031168619,-0.4655791237363068,-0.1462952413129202,,-0.32145445100296144
MDF,Mas dels Frares,VWC_050,idw_regulated_hg,60,-0.5865359618716792,-0.6940823914119892,-0.10662050003488532,-0.47133598005425326,-0.2721747146147584
MDF,Mas dels Frares,VWC_050,idw_regulated_pm,60,-0.6019842421674665,-0.7002600880894781,-0.10900462734870668,-0.4863505278214154,-0.26780963280594405
MDF,Mas dels Frares,VWC_050,gauge_recent_simple_hg,60,-0.536583356495258,-0.48765961909387573,-0.15254942324733767,,-0.34541689674915255
MDF,Mas dels Frares,VWC_050,gauge_recent_simple_pm,60,-0.5216693207547307,-0.4123020731119766,-0.15209194550507002,,-0.2851844915967323
MDF,Mas dels Frares,VWC_050,gauge_recent_regulated_hg,60,-0.5864314011214966,-0.6821183453578478,-0.11506999026480431,-0.4253522092590084,-0.277262958897888
MDF,Mas dels Frares,VWC_050,gauge_recent_regulated_pm,60,-0.6018015526832998,-0.6884637623071238,-0.11733682665872741,-0.44374794287777525,-0.2725958741678566
